qid,timeout,n_sample,n_reject,estimate,rel_ci,runtime
0,10000.0,499686.0,304834.0,80163.15476930344,0.006618,10.004100799560547
1,10000.0,3419.0,4613406.0,10279183.289865872,0.033507,10.003375053405762
2,10000.0,816.0,4282576.0,1425220.3493119471,0.068606,10.003434419631958
3,10000.0,993.0,4256972.0,1744724.4142835839,0.06219,10.003316402435303
4,10000.0,504.0,3844622.0,7495288.981968341,0.087298,10.003365278244019
5,10000.0,491909.0,655907.0,428795.5217735247,0.005576,10.003475904464722
6,10000.0,14580.0,4197154.0,55429674.848364115,0.016204,10.00329852104187
6,10000.0,765716.0,9105.0,10971.539274232371,0.000243,10.00324010848999
6,10000.0,332.0,812664.0,790243.1555874813,0.107545,10.003151893615723
7,10000.0,9441.0,4138609.0,36488698.963580474,0.020149,10.003198146820068
7,10000.0,734477.0,132066.0,9409.993103631326,0.000893,10.003205299377441
7,10000.0,240.0,898254.0,516900.70985448983,0.126498,10.00326418876648
8,10000.0,788589.0,4153.0,173391.85465763137,0.00016,10.003173589706421
8,10000.0,55.0,4043541.0,718812.0553895592,0.26428,10.003221273422241
8,10000.0,767065.0,470.0,303001.3434631645,5.5e-05,10.003181457519531
8,10000.0,45.0,4040391.0,588578.9186055664,0.292173,10.003183364868164
9,10000.0,381.0,7833340.0,778079.9744221169,0.10041,10.003309965133667
9,10000.0,1443753.0,41267.0,169461.26426916808,0.000272,10.003172397613525
9,10000.0,681441.0,4702205.0,11617.409068501162,0.002219,10.003122806549072
9,10000.0,373.0,7840951.0,761003.7467180288,0.101481,10.003219842910767
10,10000.0,455.0,5404251.0,1330581.6231077139,0.091881,10.003278493881226
10,10000.0,626886.0,1410122.0,53642.08890195817,0.00206,10.003159284591675
10,10000.0,289560.0,427346.0,32414.35839845112,0.006824,10.003206014633179
10,10000.0,104.0,5401527.0,304306.07694601873,0.192188,10.003284454345703
11,10000.0,19542.0,3931660.0,261372683.5793184,0.013986,10.003201007843018
11,10000.0,516297.0,1294857.0,49688.291876339616,0.002306,10.003235816955566
11,10000.0,391601.0,353548.0,126247.02128970179,0.004882,10.00320029258728
11,10000.0,309563.0,793166.0,1016870.5557031691,0.005303,10.003254413604736
12,10000.0,723.0,3791285.0,10902785.637836207,0.072885,10.003236055374146
12,10000.0,656004.0,1114615.0,64578.98464887138,0.00192,10.003170013427734
12,10000.0,179672.0,1211141.0,23388.977238492884,0.01408,10.003141403198242
12,10000.0,205717.0,1125750.0,312214.24014639494,0.011488,10.003190994262695
13,10000.0,57.0,8228056.0,396134.8300199572,0.259603,10.003291130065918
13,10000.0,224416.0,1722196.0,20094.826745134626,0.003892,10.003242015838623
13,10000.0,1549.0,1762836.0,39.93274597097572,0.051941,10.003130912780762
13,10000.0,1806.0,1795655.0,194.81854960969946,0.047921,10.00320053100586
14,10000.0,3306.0,4484838.0,10221474.175360683,0.034075,10.003165006637573
14,10000.0,1323099.0,416554.0,132568.25998920476,0.000834,10.003156661987305
14,10000.0,1392307.0,0.0,79610.0,0.0,10.00312066078186
14,10000.0,3322.0,4474927.0,10293637.251546308,0.033993,10.003218650817871
15,10000.0,3379.0,4631443.0,10127101.274943246,0.033705,10.00318193435669
15,10000.0,531200.0,1503580.0,45504.09184285279,0.002312,10.003133296966553
15,10000.0,473266.0,328228.0,55157.618622223,0.003162,10.003118515014648
15,10000.0,73.0,4632077.0,218912.35185497015,0.229395,10.003231525421143
16,10000.0,597950.0,438023.0,595.6568366163983,0.001648,10.003209829330444
16,10000.0,161693.0,1644362.0,2719489.8117189123,0.014298,10.003160953521729
16,10000.0,385.0,1918576.0,67925.5016021691,0.099879,10.003248691558838
17,10000.0,783329.0,759.0,11091.253224127904,6.9e-05,10.00310230255127
17,10000.0,771683.0,390.0,302620.0591899989,5e-05,10.003151893615723
17,10000.0,96.0,4948297.0,65211.68411967279,0.200036,10.003204822540283
17,10000.0,94.0,4956269.0,63750.42940236621,0.202153,10.00325894355774
18,10000.0,781665.0,3701.0,11049.682351922544,0.000152,10.003163814544678
18,10000.0,391893.0,328625.0,89995.7356235375,0.019607,10.003071308135986
18,10000.0,15.0,850820.0,7876.77201807636,0.506056,10.002999067306519
19,10000.0,775207.0,4936.0,291929.1900536184,0.000177,10.0031259059906
19,10000.0,369577.0,336851.0,69345.23387379889,0.0097,10.003208637237549
19,10000.0,483479.0,82460.0,250981.69317187896,0.001076,10.003278493881226
20,10000.0,807727.0,110835.0,288324.5666334989,0.000758,10.003273248672485
20,10000.0,188153.0,1197019.0,32321.67743067287,0.016924,10.003153324127197
20,10000.0,127310.0,999318.0,26189.789826810626,0.020335,10.003197193145752
21,10000.0,471573.0,386612.0,2717268.7492044256,0.00635,10.00316834449768
21,10000.0,193044.0,1227436.0,33076.86508644965,0.016827,10.003107786178589
21,10000.0,387310.0,327631.0,85718.00931125785,0.019721,10.003103733062744
21,10000.0,98423.0,1071538.0,2538919.455285262,0.141952,10.003141641616821
22,10000.0,354324.0,498370.0,1046603.5679540375,0.009053,10.003040790557861
22,10000.0,173710.0,1226926.0,20355.19476509243,0.014278,10.002976894378662
22,10000.0,490809.0,322385.0,62418.919101714964,0.003472,10.002986669540405
22,10000.0,114608.0,1088505.0,148090.0602021589,0.036727,10.003023862838745
23,10000.0,32992.0,900418.0,29230.08043839256,0.04658,10.0031156539917
23,10000.0,7696.0,1459418.0,445.3820902806462,0.041686,10.003098249435425
23,10000.0,492515.0,323759.0,62286.69549072983,0.003455,10.002971887588501
23,10000.0,7480.0,1449432.0,4648.781824159592,0.070094,10.002917528152466
24,10000.0,787248.0,5657.0,173061.41673971032,0.000187,10.002950191497803
24,10000.0,95.0,4933362.0,37263.47274335218,0.201086,10.003062725067139
24,10000.0,50.0,4069023.0,702279.3378246102,0.277179,10.003138780593872
24,10000.0,781985.0,1807.0,11076.40479872211,0.000106,10.002965927124023
24,10000.0,878600.0,221341.0,261907.13574637185,0.000938,10.00307011604309
24,10000.0,60.0,5093347.0,42881.46510969966,0.253029,10.003105640411377
24,10000.0,105.0,4924747.0,41257.906136062564,0.191271,10.003058433532715
24,10000.0,54.0,4075649.0,757227.8851918307,0.266716,10.003129959106445
24,10000.0,0.0,3227619.0,0.0,0.0,10.003132343292236
24,10000.0,75.0,5081685.0,53724.68262964013,0.226315,10.003125667572021
24,10000.0,0.0,3215040.0,0.0,0.0,10.0031418800354
25,10000.0,801673.0,19020.0,170265.38823287148,0.000333,10.003071546554565
25,10000.0,87.0,4739062.0,35524.66224843321,0.210128,10.00308084487915
25,10000.0,1092506.0,0.0,11102.0,0.0,10.002942323684692
25,10000.0,386701.0,323601.0,76915.29747206118,0.014485,10.002996683120728
25,10000.0,79.0,4737340.0,32269.806552893042,0.220511,10.003079175949097
25,10000.0,21.0,879988.0,164612.55268412028,0.427694,10.003122806549072
25,10000.0,24034.0,656501.0,8251.29750857781,0.05424,10.003045082092285
25,10000.0,1.0,882648.0,7815.247482294774,1.959964,10.003102540969849
26,10000.0,9472.0,4114226.0,36824698.58679273,0.020115,10.003123044967651
26,10000.0,35.0,8150062.0,245437.3395065114,0.331294,10.003105401992798
26,10000.0,504814.0,1559449.0,42626.159685078885,0.002398,10.003096580505371
26,10000.0,19215.0,7839648.0,82832.02737495233,0.041401,10.003122806549072
26,10000.0,373110.0,362466.0,40526.74741427127,0.005026,10.003077268600464
26,10000.0,6029.0,1471953.0,242.19670063640828,0.030634,10.002997398376465
26,10000.0,36.0,8120957.0,265402981.23420128,0.396634,10.003223419189453
26,10000.0,303183.0,958537.0,257378.24466601148,0.006131,10.003247261047363
26,10000.0,1.0,8142663.0,7018.896744357866,1.959964,10.003283262252808
26,10000.0,2512.0,634332.0,1779.1648001708425,0.084214,10.003237009048462
26,10000.0,0.0,8154936.0,0.0,0.0,10.003293514251709
27,10000.0,824113.0,109083.0,289715.9945306238,0.000738,10.003158569335938
27,10000.0,505408.0,59140.0,3675137.366950197,0.010073,10.003185033798218
27,10000.0,389129.0,327376.0,89230.13209956665,0.019224,10.003142595291138
27,10000.0,500828.0,304768.0,79613.28795699085,0.00638,10.00310230255127
27,10000.0,396.0,695041.0,14916822.70535505,0.098464,10.003227710723877
27,10000.0,22.0,1011276.0,287790.5203016322,0.417861,10.003220081329346
27,10000.0,243125.0,262574.0,3498469.474825934,0.135014,10.003183126449585
27,10000.0,14.0,589756.0,10520178.705597097,0.896016,10.003207206726074
28,10000.0,294327.0,745498.0,92810.12802731228,0.003059,10.003195524215698
28,10000.0,133677.0,490757.0,206733.6080866833,0.020025,10.003272294998169
28,10000.0,76787.0,662925.0,9992.610019845562,0.015136,10.003156185150146
28,10000.0,465348.0,314283.0,60322.21084461752,0.003643,10.003164768218994
28,10000.0,68.0,695579.0,2518077.5775299827,0.237669,10.003302335739136
28,10000.0,10.0,1002457.0,127211.64870265056,0.619792,10.003298044204712
28,10000.0,67849.0,615923.0,81047.617039013,0.047179,10.003244400024414
28,10000.0,4.0,581648.0,1337406.9495574674,1.007382,10.003299474716187
29,10000.0,458925.0,385417.0,1190241.3673321947,0.006366,10.003241300582886
29,10000.0,353965.0,499430.0,1059469.0694918532,0.009032,10.003156661987305
29,10000.0,195525.0,1223103.0,34708.17890595702,0.01635,10.003174781799316
29,10000.0,603140.0,38761.0,1487082.252060676,0.004721,10.003263711929321
29,10000.0,1362172.0,55089.0,37059.24877351455,0.000331,10.003177404403687
29,10000.0,506058.0,307372.0,79842.93485610317,0.006507,10.003077030181885
29,10000.0,268383.0,230647.0,231650402.10414204,0.012025,10.0032639503479
29,10000.0,459642.0,385454.0,1188045.1287640694,0.006359,10.003159284591675
29,10000.0,130384.0,1067235.0,1045914.8785840906,0.082961,10.003024101257324
29,10000.0,604298.0,38847.0,1486928.123185285,0.004716,10.003130197525024
29,10000.0,334757.0,287842.0,232948447.79566303,0.010714,10.003266334533691
30,10000.0,79979.0,1759551.0,369314.84188243735,0.015498,10.003268957138062
30,10000.0,341357.0,493524.0,964077.7178867407,0.009266,10.003175973892212
30,10000.0,178973.0,1211193.0,28447.73929588265,0.016929,10.003050088882446
30,10000.0,346986.0,227433.0,415380.3259293303,0.012001,10.00309443473816
30,10000.0,311725.0,401949.0,38898.166286007334,0.008791,10.003073930740356
30,10000.0,472197.0,315992.0,67049.85996252167,0.005113,10.002993822097778
30,10000.0,99090.0,402922.0,19257435.98050445,0.058957,10.003201007843018
30,10000.0,66112.0,1103674.0,229701.8175751804,0.077686,10.003090381622314
30,10000.0,115640.0,1062794.0,482781.5720430673,0.066635,10.003032684326172
30,10000.0,199988.0,328879.0,319611.7032996954,0.112749,10.003090381622314
30,10000.0,59453.0,1038517.0,6395849.921997868,0.129204,10.003236770629883
31,10000.0,18093.0,3609676.0,235047354.08696088,0.014535,10.003196001052856
31,10000.0,743.0,3664086.0,11525991.768137068,0.071897,10.003232717514038
31,10000.0,625017.0,1073929.0,64124.22065504142,0.001971,10.003155946731567
31,10000.0,137375.0,1622839.0,12450316.862220163,0.016964,10.003207921981812
31,10000.0,787295.0,733203.0,139999.40946979212,0.001534,10.003217697143555
31,10000.0,137429.0,2094983.0,20078.78361969027,0.005122,10.003206253051758
31,10000.0,6.0,2381743.0,38723359600.82057,0.800151,10.003297805786133
31,10000.0,138.0,3652031.0,1780789.677093256,0.16684,10.003210544586182
31,10000.0,24.0,3668410.0,371940.72943386744,0.400075,10.003159046173096
31,10000.0,193660.0,891501.0,429713.59418556327,0.010248,10.003196716308594
31,10000.0,0.0,2368201.0,0.0,0.0,10.003191471099854
32,10000.0,19644.0,3936987.0,262376416.9889838,0.013949,10.003073453903198
32,10000.0,67.0,8131613.0,466443.4450248903,0.239447,10.003115177154541
32,10000.0,211343.0,1672243.0,19557.451379974154,0.004017,10.003109455108643
32,10000.0,25797.0,7689868.0,596775.5960830337,0.036214,10.00312352180481
32,10000.0,362342.0,561573.0,62649.215864013466,0.003864,10.003116130828857
32,10000.0,1605.0,1707551.0,41.08421056942725,0.051158,10.003002882003784
32,10000.0,69.0,8131221.0,2562456862.7876363,0.265245,10.003123044967651
32,10000.0,164222.0,1328736.0,157739.13783241055,0.006911,10.003138542175293
32,10000.0,0.0,8138127.0,0.0,0.0,10.003146648406982
32,10000.0,741.0,811186.0,410.8615368130386,0.105388,10.003201961517334
32,10000.0,0.0,8138991.0,0.0,0.0,10.003177642822266
33,10000.0,141.0,3998286.0,2016500.6309531224,0.165056,10.00307822227478
33,10000.0,1108.0,4783888.0,3222911.5424422505,0.058875,10.003059387207031
33,10000.0,706843.0,4412470.0,24066.95373285439,0.002164,10.003059148788452
33,10000.0,354065.0,498496.0,1051646.158420336,0.009066,10.003053903579712
33,10000.0,192299.0,1220346.0,33727.21059077121,0.016947,10.002969026565552
33,10000.0,502617.0,307480.0,77531.30088742459,0.006399,10.002871990203857
33,10000.0,1121.0,4773778.0,593660497.2789927,0.083237,10.003031253814697
33,10000.0,425720.0,3354902.0,2178841.5460537975,0.005184,10.003056764602661
33,10000.0,471766.0,2954389.0,3275097.5209469507,0.004169,10.003060102462769
33,10000.0,127545.0,1066006.0,946782.7583127994,0.085482,10.003028392791748
33,10000.0,331259.0,2630938.0,592715776.2659776,0.006532,10.003104448318481
34,10000.0,48.0,8140777.0,336655.30190859037,0.282896,10.003083229064941
34,10000.0,3355.0,4592721.0,10160042.567186661,0.033825,10.003061056137085
34,10000.0,992136.0,885731.0,92090.7952906143,0.001351,10.00304102897644
34,10000.0,25940.0,7783558.0,41469.58748475254,0.025303,10.003108024597168
34,10000.0,12227.0,1443441.0,915.8736140383659,0.047393,10.003075361251831
34,10000.0,504109.0,301582.0,69028.62143923662,0.004394,10.002928018569946
34,10000.0,38.0,8122682.0,75782722.50054723,0.34944,10.003114700317383
34,10000.0,7.0,8132991.0,49142.81324242303,0.740796,10.003134489059448
34,10000.0,505754.0,469367.0,1980106.30866836,0.003756,10.003122329711914
34,10000.0,11948.0,1428263.0,16513.717637207326,0.091916,10.003097295761108
34,10000.0,6.0,8136363.0,1192973.8526669575,0.915537,10.003167390823364
35,10000.0,45.0,8134982.0,313785.56214687426,0.292173,10.003076076507568
35,10000.0,3411.0,4591557.0,10332119.78866991,0.033546,10.003080129623413
35,10000.0,566349.0,1538889.0,46891.355013067405,0.002227,10.003046035766602
35,10000.0,26013.0,7776655.0,41558.94804059329,0.025491,10.003099203109741
35,10000.0,9403.0,8033027.0,380.4948152486251,0.0202,10.003076791763306
35,10000.0,483606.0,334906.0,57281.894248343335,0.003209,10.003050804138184
35,10000.0,43.0,8130002.0,84501904.39577456,0.32749,10.00318193435669
35,10000.0,2.0,8125362.0,13962.610141527199,1.385904,10.003242492675781
35,10000.0,341344.0,977231.0,261686.25816885653,0.003871,10.003187417984009
35,10000.0,9387.0,7933561.0,3292.2694956582873,0.024292,10.00324296951294
35,10000.0,0.0,8141620.0,0.0,0.0,10.003273248672485
36,10000.0,96.0,5220887.0,35581.97269747862,0.200036,10.003130435943604
36,10000.0,46.0,3989225.0,553712.9813417038,0.288979,10.003191709518433
36,10000.0,66.0,4022863.0,938145.0441506674,0.241253,10.003165483474731
36,10000.0,93.0,4932444.0,57666.60556180319,0.203237,10.00322961807251
36,10000.0,98.0,4977256.0,71711.25858116582,0.197984,10.003185510635376
36,10000.0,43.0,3769225.0,1031052.031518056,0.29889,10.003207921981812
36,10000.0,0.0,3022924.0,0.0,0.0,10.003233671188354
36,10000.0,0.0,3034264.0,0.0,0.0,10.003199815750122
36,10000.0,0.0,2498700.0,0.0,0.0,10.003203630447388
36,10000.0,0.0,2897987.0,0.0,0.0,10.003142833709717
36,10000.0,0.0,2071097.0,0.0,0.0,10.003204345703125
37,10000.0,716.0,3754748.0,1426359.819180799,0.07324,10.003130435943604
37,10000.0,3013.0,4360326.0,9509333.86582844,0.035694,10.003093957901001
37,10000.0,1322484.0,441447.0,130682.8745682229,0.000853,10.003192901611328
37,10000.0,107182.0,490693.0,439708.7767175413,0.024404,10.003211975097656
37,10000.0,1268527.0,27708.0,42003.53127866475,0.000254,10.00306248664856
37,10000.0,1423272.0,0.0,79006.0,0.0,10.002969026565552
37,10000.0,1.0,2736247.0,216015191.44625413,1.959964,10.003167867660522
37,10000.0,712.0,3757939.0,1417188.6595376905,0.073446,10.00313687324524
37,10000.0,3136.0,4362363.0,9892637.163100943,0.034987,10.00308632850647
37,10000.0,523836.0,43909.0,445196.03037983604,0.005173,10.003125190734863
37,10000.0,0.0,2733029.0,0.0,0.0,10.00320839881897
38,10000.0,21880.0,3806454.0,69163305.60024282,0.013212,10.00317096710205
38,10000.0,3225.0,4453940.0,10070736.014905214,0.034501,10.003117561340332
38,10000.0,559176.0,1444197.0,48651.53552533652,0.002225,10.003052234649658
38,10000.0,664968.0,45284.0,6008367.114633961,0.003101,10.003070831298828
38,10000.0,36180.0,781282.0,17007.638813791957,0.016429,10.003113508224487
38,10000.0,491875.0,318419.0,58147.54216987908,0.003083,10.003030061721802
38,10000.0,21815.0,3754472.0,19664549913.407368,0.014545,10.003218650817871
38,10000.0,64.0,3855316.0,200886.62778766296,0.244993,10.003223657608032
38,10000.0,339930.0,916655.0,281425.34292546863,0.003763,10.003129243850708
38,10000.0,34245.0,749211.0,102792.05398261038,0.029948,10.00325608253479
38,10000.0,52.0,3844783.0,1705924.5698111882,0.306627,10.00332236289978
39,10000.0,129052.0,2425398.0,9195.073663606647,0.010773,10.003185987472534
39,10000.0,359403.0,358539.0,41832.8322232158,0.004966,10.00311017036438
39,10000.0,606578.0,38987.0,3554216.925861842,0.0047,10.003174781799316
39,10000.0,486572.0,326178.0,58061.98558966472,0.003089,10.00307297706604
39,10000.0,20863.0,671511.0,4628.016673069757,0.028893,10.003076314926147
39,10000.0,107603.0,2095447.0,243990.9259036336,0.027129,10.00308108329773
39,10000.0,389189.0,490824.0,190606.29502518714,0.003376,10.003050804138184
39,10000.0,64383.0,2220909.0,28605.774019250057,0.016774,10.003164291381836
40,10000.0,143349.0,5922147.0,557.2892943957098,0.007102,10.003008127212524
40,10000.0,11995.0,771804.0,1108.1832587181152,0.027812,10.002927303314209
40,10000.0,16723.0,631532.0,21690.64794101087,0.048409,10.003124237060547
40,10000.0,992176.0,475913.0,53776.32861222991,0.00112,10.003101348876953
40,10000.0,1880.0,779158.0,358.8595382042871,0.081158,10.003102540969849
40,10000.0,3252.0,643811.0,11775.853294037828,0.168576,10.003122091293335
40,10000.0,15357.0,733200.0,5107.569602582034,0.024125,10.003136396408081
40,10000.0,2680.0,746197.0,1604.8568509915513,0.063771,10.003145456314087
41,10000.0,559022.0,233923.0,213745.2195473835,0.001424,10.00303316116333
41,10000.0,43.0,3823022.0,1118731.650815249,0.29889,10.003095149993896
41,10000.0,455259.0,534753.0,150860.8871165198,0.002135,10.003146648406982
41,10000.0,1112092.0,1325832.0,41528.670946264116,0.001371,10.00308632850647
41,10000.0,31.0,3815486.0,808122.9723279964,0.352019,10.003116607666016
41,10000.0,10.0,836066.0,146230.91411546318,0.619792,10.003121376037598
41,10000.0,5.0,1003008.0,65947.20507112071,0.876521,10.003101587295532
41,10000.0,0.0,2875212.0,0.0,0.0,10.003194570541382
42,10000.0,507266.0,9175.0,912454.1964309573,0.009163,10.00310206413269
42,10000.0,1155306.0,122883.0,38794.64525668739,0.000565,10.003129005432129
42,10000.0,537062.0,37274.0,450845.6706736127,0.005044,10.003082513809204
42,10000.0,382758.0,328820.0,59813.07242494849,0.008568,10.003008365631104
42,10000.0,512529.0,51680.0,3742264.8401425714,0.009973,10.003015279769897
42,10000.0,1206721.0,196526.0,68667.79588411734,0.000668,10.002904653549194
42,10000.0,476701.0,51070.0,403339.2021804912,0.005902,10.003045320510864
42,10000.0,320539.0,22133.0,59906913.854268804,0.031836,10.003197193145752
42,10000.0,500077.0,84368.0,264120.4463465339,0.00339,10.003180503845215
42,10000.0,458650.0,138346.0,549594.5747123933,0.008094,10.003180742263794
42,10000.0,302653.0,50902.0,7680351.152513754,0.016599,10.00326156616211
43,10000.0,354592.0,2356090.0,1229412.5627343967,0.012804,10.003215789794922
43,10000.0,693513.0,869545.0,130611.64901622332,0.001755,10.00311803817749
43,10000.0,595135.0,70770.0,15855513.40333531,0.004384,10.003199577331543
43,10000.0,462432.0,4468837.0,8537.223754777928,0.002744,10.003187894821167
43,10000.0,408936.0,2683419.0,190119.12991684332,0.006145,10.003123998641968
43,10000.0,1043768.0,380700.0,58510.2077182499,0.000992,10.003025531768799
43,10000.0,86324.0,795674.0,182439.43905541737,0.012985,10.003215789794922
43,10000.0,84347.0,536830.0,122687869.68765424,0.050413,10.00341796875
43,10000.0,377738.0,519220.0,659385.5283747957,0.003726,10.00318717956543
43,10000.0,314877.0,3090902.0,51171.675314810505,0.004553,10.003171920776367
43,10000.0,78138.0,729905.0,2089628.6788203104,0.022153,10.003475666046143
44,10000.0,462957.0,378889.0,2638912.413842912,0.006492,10.003122568130493
44,10000.0,67592.0,8199669.0,1812.3967926015641,0.010538,10.00311803817749
44,10000.0,196134.0,385995.0,3625159.8500590078,0.021554,10.003151416778564
44,10000.0,41366.0,9296356.0,571.4860342811662,0.01715,10.0030996799469
44,10000.0,357007.0,500459.0,1052064.8932027626,0.008979,10.003071069717407
44,10000.0,60833.0,1809534.0,2572.5358365497254,0.007816,10.002977848052979
44,10000.0,11567.0,8077386.0,1258.4387701350224,0.03827,10.003015518188477
44,10000.0,92832.0,552915.0,494377514.01488507,0.048764,10.003231763839722
44,10000.0,19332.0,1741409.0,6609.020168213269,0.01899,10.003231287002563
44,10000.0,15479.0,1792270.0,2276.397143630006,0.028105,10.003150701522827
44,10000.0,4972.0,1783067.0,6214.1303461501675,0.053293,10.003212213516235
45,10000.0,134210.0,773865.0,25761.610054235607,0.004939,10.003167390823364
45,10000.0,81.0,4856398.0,32275.618387313112,0.217772,10.003116130828857
45,10000.0,52.0,3810651.0,705982.4934926705,0.271796,10.00318431854248
45,10000.0,53.0,3828937.0,790322.3750610474,0.26922,10.003174304962158
45,10000.0,276967.0,696193.0,3159.693816022031,0.00315,10.003074407577515
45,10000.0,177709.0,682400.0,61325.59575007354,0.004141,10.003153562545776
45,10000.0,184531.0,881404.0,56707.61832475714,0.004149,10.00310730934143
45,10000.0,66.0,4540890.0,47894.286705266466,0.241253,10.003196239471436
45,10000.0,80.0,4557031.0,63841.69335353034,0.219129,10.00313138961792
45,10000.0,55.0,3770106.0,1418376.1914743164,0.26428,10.003207921981812
45,10000.0,29.0,4854252.0,11560.700583670374,0.363955,10.003163814544678
45,10000.0,14.0,3814235.0,189895.5049998047,0.523822,10.003222942352295
45,10000.0,9.0,3826514.0,134292.21016181007,0.653321,10.003236770629883
45,10000.0,0.0,2774729.0,0.0,0.0,10.00314712524414
45,10000.0,0.0,2783350.0,0.0,0.0,10.003231525421143
45,10000.0,0.0,2431440.0,0.0,0.0,10.003189325332642
45,10000.0,25.0,4543880.0,18130.00123242013,0.391992,10.003261089324951
45,10000.0,20.0,4551836.0,15978.849234246425,0.43826,10.003214836120605
45,10000.0,11.0,3771416.0,283580.01363542234,0.590951,10.003188133239746
45,10000.0,0.0,2770561.0,0.0,0.0,10.003125190734863
45,10000.0,0.0,2772594.0,0.0,0.0,10.003232955932617
45,10000.0,0.0,2780429.0,0.0,0.0,10.003313064575195
45,10000.0,0.0,2430107.0,0.0,0.0,10.003211498260498
45,10000.0,0.0,2002919.0,0.0,0.0,10.003274917602539
45,10000.0,0.0,2763298.0,0.0,0.0,10.00324010848999
45,10000.0,0.0,1996384.0,0.0,0.0,10.00325608253479
46,10000.0,265.0,7593324.0,559478.1756294685,0.120398,10.003101348876953
46,10000.0,1020.0,4155002.0,1836124.0154888497,0.061361,10.003121614456177
46,10000.0,47.0,8232658.0,326455.30107540597,0.285889,10.003143310546875
46,10000.0,1456032.0,24108.0,171465.98143418867,0.000207,10.003105401992798
46,10000.0,109132.0,459928.0,132563.1067426985,0.015238,10.00322675704956
46,10000.0,28399.0,4414494.0,4598.5381218949005,0.029437,10.003129243850708
46,10000.0,577671.0,4795557.0,9888.258584225348,0.002436,10.002944231033325
46,10000.0,41590.0,819782.0,14452.948102561959,0.02552,10.003051042556763
46,10000.0,1259173.0,22536.0,42166.32974645571,0.000232,10.003073692321777
46,10000.0,8977.0,1437794.0,740.0125866498569,0.054235,10.00297236442566
46,10000.0,0.0,4004716.0,0.0,0.0,10.003203868865967
46,10000.0,27.0,7589887.0,1939055.276810778,0.798954,10.00327181816101
46,10000.0,230.0,7593119.0,485600.17936749646,0.129234,10.003242254257202
46,10000.0,98.0,4152940.0,3274972.4508396024,0.366891,10.003175020217896
46,10000.0,1010.0,4158125.0,1816761.9839341594,0.061664,10.00309443473816
46,10000.0,53440.0,963050.0,359706.6415409891,0.02395,10.003084659576416
46,10000.0,4661.0,3307966.0,206990.43138149873,0.126223,10.00326919555664
46,10000.0,91577.0,3301365.0,133262.59878771874,0.017682,10.003227472305298
46,10000.0,27905.0,4387257.0,4600.943597539569,0.029081,10.003213167190552
46,10000.0,41148.0,809028.0,14534.434207740514,0.026243,10.003118753433228
46,10000.0,0.0,6782701.0,0.0,0.0,10.003199577331543
46,10000.0,0.0,6788320.0,0.0,0.0,10.003143072128296
46,10000.0,31.0,7604099.0,1678216.158492819,0.623182,10.003159999847412
46,10000.0,92.0,4143463.0,4322457.334962369,0.633908,10.003186225891113
46,10000.0,4672.0,3294245.0,208074.68599422174,0.112228,10.003304481506348
46,10000.0,0.0,6764400.0,0.0,0.0,10.003349781036377
47,10000.0,19291.0,3927955.0,397820.6049445614,0.014077,10.003159999847412
47,10000.0,5184.0,4522404.0,15936329.37208951,0.027206,10.003142595291138
47,10000.0,697.0,3785633.0,10526469.504094994,0.074232,10.003132581710815
47,10000.0,230563.0,1741852.0,20375.16633923388,0.003836,10.00302529335022
47,10000.0,622672.0,32517.0,24129.581633696536,0.00439,10.003002405166626
47,10000.0,570410.0,251238.0,18805.7734406948,0.005554,10.003034353256226
47,10000.0,208757.0,1629639.0,53.02966227080564,0.004039,10.002950668334961
47,10000.0,180019.0,1672428.0,1053737.7136468682,0.009986,10.003142833709717
47,10000.0,403047.0,594802.0,26971.72768625313,0.003108,10.003099203109741
47,10000.0,90816.0,1641389.0,5297.803219018534,0.01352,10.00295376777649
47,10000.0,18778.0,3894110.0,118597275.54246633,0.016182,10.003055810928345
47,10000.0,18403.0,3893891.0,65845381.619241804,0.021141,10.00307297706604
47,10000.0,8.0,3960210.0,164.43627093255978,0.692951,10.003091812133789
47,10000.0,703.0,3786514.0,2730548745.272151,0.082968,10.003247737884521
47,10000.0,166518.0,1398438.0,52205.314056753035,0.0059,10.003222942352295
47,10000.0,18100.0,1787091.0,3741.608921161251,0.028003,10.003253698348999
47,10000.0,339797.0,151227.0,3857627.4700645995,0.010009,10.003126859664917
47,10000.0,150641.0,1319721.0,119.58481788838395,0.005636,10.002879619598389
47,10000.0,17795.0,1653303.0,15.812234830033907,0.020084,10.002779006958008
47,10000.0,19738.0,833350.0,4851.878088778649,0.030656,10.002812385559082
47,10000.0,18079.0,3846108.0,22008331475.33586,0.020386,10.00317931175232
47,10000.0,5.0,3958803.0,370.11338514017353,0.911013,10.003196001052856
47,10000.0,1.0,3960853.0,184.96110056063668,1.959964,10.00318455696106
47,10000.0,14215.0,1462586.0,12100.781229156806,0.031164,10.003159999847412
47,10000.0,11925.0,1375970.0,55.53076997899697,0.021802,10.003107786178589
47,10000.0,2.0,3958699.0,575.7474939380368,1.441362,10.003187656402588
48,10000.0,2885.0,4017619.0,11504021.441540662,0.036477,10.003111600875854
48,10000.0,16.0,8247290.0,110936.96878956594,0.489991,10.003187894821167
48,10000.0,1114.0,4850685.0,3125911.170602904,0.058716,10.00316309928894
48,10000.0,284113.0,5315164.0,8844.412674172041,0.003583,10.003161907196045
48,10000.0,19583.0,7913179.0,84174.86483925775,0.041242,10.003214836120605
48,10000.0,502875.0,59090.0,3609730.8513056864,0.010012,10.003188848495483
48,10000.0,378370.0,326995.0,65991.62674785395,0.011422,10.003004789352417
48,10000.0,33855.0,907762.0,26816.351582437444,0.045602,10.002999544143677
48,10000.0,8742.0,1432526.0,659.0719227791084,0.052483,10.002944707870483
48,10000.0,481254.0,316725.0,67846.04293972648,0.004263,10.002994060516357
48,10000.0,14.0,8244480.0,122634097.37324329,0.567867,10.003213167190552
48,10000.0,1162.0,4837320.0,3260199116.179091,0.065497,10.003234624862671
48,10000.0,212000.0,4050422.0,668427.0678161384,0.007382,10.003131866455078
48,10000.0,53.0,4845316.0,18277411.37499538,0.426792,10.003154039382935
48,10000.0,14198.0,5056603.0,3208.699085213559,0.038013,10.00309133529663
48,10000.0,83.0,4862437.0,232386.52085544122,0.215132,10.003048181533813
48,10000.0,31958.0,878377.0,15451385.654795213,0.108527,10.003211259841919
48,10000.0,3600.0,606218.0,16427.67413720159,0.206609,10.003208875656128
48,10000.0,233162.0,267341.0,857928.3937538835,0.065186,10.003104209899902
48,10000.0,8721.0,1418154.0,9851.582745510294,0.092953,10.003031730651855
48,10000.0,53.0,4837495.0,17839631124.47784,0.567559,10.00325870513916
48,10000.0,11233.0,4003509.0,352303.28924125136,0.059738,10.003175258636475
48,10000.0,77.0,4844593.0,41042291.78657164,0.305986,10.003163576126099
48,10000.0,3.0,4853869.0,47682.04180291528,1.737049,10.00318717956543
48,10000.0,3529.0,604093.0,540145.1205074865,0.482761,10.003297090530396
48,10000.0,9.0,4820095.0,52134171.36209924,1.36756,10.003357410430908
49,10000.0,41.0,7982005.0,34521.843120172445,0.306094,10.003124475479126
49,10000.0,154.0,4016980.0,2192162.8977474985,0.157935,10.003077507019043
49,10000.0,1146.0,4810023.0,3315310.5043763793,0.05789,10.003055810928345
49,10000.0,53263.0,5890322.0,1562.0214424459311,0.008454,10.002982378005981
49,10000.0,250130.0,4083673.0,60894.63091284952,0.010338,10.003019571304321
49,10000.0,384245.0,3270268.0,62729.64936613989,0.006306,10.003058433532715
49,10000.0,263293.0,5657776.0,1714.563956947639,0.003734,10.003037214279175
49,10000.0,354648.0,497998.0,1050550.119844578,0.009019,10.0030198097229
49,10000.0,136544.0,1341963.0,11112.710068332446,0.012376,10.002950429916382
49,10000.0,445919.0,414015.0,40669.99278432996,0.002953,10.002890348434448
49,10000.0,36.0,7978081.0,3471575.043959621,0.594047,10.003039121627808
49,10000.0,39.0,7988806.0,3529167.850552865,0.412332,10.003078937530518
49,10000.0,0.0,7987232.0,0.0,0.0,10.003098011016846
49,10000.0,1116.0,4806422.0,612669472.2408133,0.081935,10.00308632850647
49,10000.0,12218.0,5787397.0,2262.959692151979,0.046324,10.003051996231079
49,10000.0,46997.0,5558062.0,5318.718814556635,0.01079,10.003039836883545
49,10000.0,205843.0,3360089.0,4081659.32730798,0.023093,10.003162145614624
49,10000.0,68693.0,5179318.0,2053.811663885613,0.019721,10.003023386001587
49,10000.0,201012.0,4383714.0,5671.779242205532,0.005183,10.002915143966675
49,10000.0,82183.0,1218757.0,29614.73157870463,0.025224,10.002978801727295
49,10000.0,37.0,7980667.0,1087233533.7054977,0.63825,10.003249645233154
49,10000.0,0.0,7964611.0,0.0,0.0,10.003159284591675
49,10000.0,0.0,7963643.0,0.0,0.0,10.00320315361023
49,10000.0,11907.0,5694526.0,14822.803660360158,0.056364,10.003156423568726
49,10000.0,62815.0,4787023.0,12656.978942801801,0.02546,10.003193140029907
49,10000.0,0.0,7931833.0,0.0,0.0,10.003263711929321
50,10000.0,612.0,5440506.0,1803215.539188821,0.079222,10.003123044967651
50,10000.0,12854.0,3804738.0,53980033.18445764,0.017258,10.00308632850647
50,10000.0,5078.0,4383673.0,15596273.502935117,0.027488,10.003114223480225
50,10000.0,624828.0,1129325.0,62087.31196195543,0.001989,10.00304102897644
50,10000.0,284958.0,340167.0,907537.2889454109,0.012732,10.00308895111084
50,10000.0,346545.0,230172.0,429324.2294782363,0.012349,10.00308084487915
50,10000.0,309774.0,414964.0,35826.719759416505,0.005826,10.003023624420166
50,10000.0,193714.0,380266.0,3504907.5196208926,0.021837,10.003082513809204
50,10000.0,874485.0,678823.0,51780.865327417356,0.001386,10.003075122833252
50,10000.0,1152627.0,272958.0,62525.17469249466,0.000799,10.003028154373169
50,10000.0,415.0,3792239.0,536315832.0404867,0.166338,10.003143310546875
50,10000.0,295.0,4381823.0,176103544.16272223,0.227818,10.003133296966553
50,10000.0,268316.0,745353.0,331693.7988732022,0.005782,10.003115892410278
50,10000.0,29.0,2785947.0,12905184945.99919,0.363954,10.00314974784851
50,10000.0,139.0,3835399.0,580995.6409035708,0.166239,10.003123998641968
50,10000.0,137.0,4392176.0,420432.59066919866,0.167448,10.003124475479126
50,10000.0,88057.0,396180.0,51862569.56905813,0.16467,10.003232479095459
50,10000.0,299970.0,470304.0,235454.32822086685,0.005628,10.003101348876953
50,10000.0,344548.0,274937.0,186058.80591136185,0.005231,10.003149509429932
50,10000.0,420456.0,397568.0,288399.2648626446,0.003306,10.003085851669312
50,10000.0,0.0,2396952.0,0.0,0.0,10.003285884857178
50,10000.0,79.0,3830496.0,6332268.50194553,0.280954,10.003182649612427
50,10000.0,86.0,4386804.0,3518178.1689761993,0.267838,10.003191471099854
50,10000.0,0.0,2771291.0,0.0,0.0,10.003145694732666
50,10000.0,211644.0,371184.0,2428157.215466656,0.009966,10.00325608253479
50,10000.0,0.0,2400406.0,0.0,0.0,10.003333568572998
51,10000.0,172.0,8353544.0,329591.70565769775,0.149444,10.003077983856201
51,10000.0,19547.0,3937090.0,261080434.00345924,0.013984,10.003071308135986
51,10000.0,5604.0,4778717.0,16005137.365624087,0.026166,10.003113746643066
51,10000.0,671131.0,1089318.0,66449.80283723073,0.001882,10.003056764602661
51,10000.0,259982.0,4413762.0,488680.8913430004,0.014009,10.003119707107544
51,10000.0,51977.0,580076.0,73924.77485274179,0.029592,10.003152847290039
51,10000.0,33413.0,721457.0,4169.076315127108,0.021871,10.003026008605957
51,10000.0,487633.0,46348.0,16274062.987799192,0.012313,10.00309705734253
51,10000.0,405176.0,341802.0,152438.71412009458,0.006215,10.003105640411377
51,10000.0,483008.0,308548.0,61276.86266038031,0.003504,10.003048658370972
51,10000.0,152.0,8364199.0,402853725.76933944,0.285244,10.003175258636475
51,10000.0,0.0,4836413.0,0.0,0.0,10.003275156021118
51,10000.0,45.0,8360993.0,86154.87369211813,0.292173,10.003175973892212
51,10000.0,5458.0,4748084.0,79212490673.71455,0.030454,10.003148317337036
51,10000.0,362051.0,597757.0,2571969.423535749,0.005317,10.003146171569824
51,10000.0,178.0,4799972.0,506695.19195858465,0.146903,10.003134965896606
51,10000.0,31634.0,351919.0,37478862.372334465,0.207007,10.00321650505066
51,10000.0,31782.0,699580.0,154545.79887114724,0.109802,10.003179788589478
51,10000.0,31522.0,706390.0,31891.047189908822,0.061059,10.003332376480103
51,10000.0,247308.0,268907.0,1057101.7803473359,0.024869,10.003311395645142
51,10000.0,0.0,4839228.0,0.0,0.0,10.003375768661499
51,10000.0,33.0,8334471.0,5575641.090502206,0.488517,10.003337144851685
51,10000.0,0.0,7930149.0,0.0,0.0,10.003328323364258
51,10000.0,184.0,4789314.0,36725808.28927792,0.20241,10.003288745880127
51,10000.0,30002.0,672341.0,2295947.0874458775,0.200509,10.00340723991394
51,10000.0,0.0,7375904.0,0.0,0.0,10.003417491912842
52,10000.0,78.0,4920767.0,30673.687258997183,0.22192,10.003196239471436
52,10000.0,448907.0,417810.0,90279.45065690416,0.002031,10.003086805343628
52,10000.0,232026.0,3908879.0,11027.577909659845,0.008012,10.003001689910889
52,10000.0,316201.0,411967.0,42493.242390492305,0.011101,10.002957582473755
52,10000.0,354218.0,238292.0,455766.85630453494,0.011738,10.00305962562561
52,10000.0,1387802.0,0.0,79851.0,0.0,10.002930641174316
52,10000.0,66596.0,755379.0,33605.83859606436,0.015893,10.003073930740356
52,10000.0,10.0,871860.0,80618.08669870508,0.619792,10.003113269805908
52,10000.0,43.0,626794.0,954781.5905331051,0.298882,10.003140687942505
52,10000.0,25389.0,679245.0,11332.403524382871,0.102565,10.003056764602661
52,10000.0,51521.0,527135.0,309052.5253518498,0.062916,10.003034353256226
52,10000.0,352617.0,236690.0,454336.4950543605,0.01205,10.003062725067139
52,10000.0,1.0,871613.0,8064.176487527736,1.959964,10.00314998626709
52,10000.0,0.0,1366806.0,0.0,0.0,10.003157138824463
52,10000.0,41.0,623753.0,914814.1385697842,0.306085,10.003133058547974
52,10000.0,50904.0,523909.0,280441.39959778223,0.064338,10.003109693527222
52,10000.0,0.0,1338213.0,0.0,0.0,10.00327205657959
53,10000.0,85.0,5115061.0,32156.735966089727,0.212586,10.003133058547974
53,10000.0,20346.0,928705.0,3736.795525214135,0.013593,10.003124713897705
53,10000.0,16661.0,8999765.0,228.21537846592432,0.019529,10.003098487854004
53,10000.0,13588.0,740745.0,1797.1460150888267,0.041521,10.003049373626709
53,10000.0,18082.0,631809.0,17899.944889219885,0.038876,10.003039360046387
53,10000.0,481279.0,308206.0,65308.14600657391,0.004879,10.002898693084717
53,10000.0,2194.0,942975.0,528.7228368683272,0.049601,10.003060102462769
53,10000.0,1.0,878852.0,7602.674810235614,1.959964,10.003072261810303
53,10000.0,4.0,627649.0,88701.42295185397,0.97998,10.00314450263977
53,10000.0,811.0,753040.0,179.44813630279722,0.14008,10.003179550170898
53,10000.0,1486.0,648240.0,3231.8881297654702,0.135821,10.003225564956665
53,10000.0,13395.0,727618.0,13345.650713280334,0.122842,10.003093242645264
53,10000.0,0.0,878871.0,0.0,0.0,10.003218412399292
53,10000.0,0.0,1378812.0,0.0,0.0,10.003369808197021
53,10000.0,1.0,554250.0,24110.497103297963,1.959964,10.003231287002563
53,10000.0,882.0,752640.0,1494.2565830858289,0.275996,10.003247499465942
53,10000.0,0.0,782874.0,0.0,0.0,10.00326943397522
54,10000.0,598335.0,438110.0,595.7689216504493,0.001647,10.00309133529663
54,10000.0,889561.0,740514.0,50192.94359830069,0.001401,10.002975463867188
54,10000.0,533879.0,8191.0,54766587.53266552,0.006949,10.003057718276978
54,10000.0,514929.0,51511.0,3643361.378991597,0.009893,10.003089666366577
54,10000.0,789505.0,824406.0,148315.27416009927,0.001577,10.003055572509766
54,10000.0,1154740.0,329144.0,60582.67609867079,0.000859,10.002995014190674
54,10000.0,493018.0,47219.0,15954503.831053779,0.012262,10.003016233444214
54,10000.0,0.0,1079008.0,0.0,0.0,10.002949714660645
54,10000.0,3910.0,757918.0,1605868.9460613157,0.031264,10.003134965896606
54,10000.0,702.0,730614.0,77121.58200285512,0.073939,10.00309443473816
54,10000.0,425853.0,354530.0,1752318.7474150513,0.008622,10.00307297706604
54,10000.0,440977.0,200174.0,333830.24996919604,0.007198,10.003109693527222
54,10000.0,318659.0,32483.0,11863266418.906282,0.023054,10.003151416778564
54,10000.0,437489.0,194580.0,980770.560785294,0.007844,10.00313687324524
54,10000.0,3.0,1054090.0,890.4972824978441,1.131585,10.003138780593872
54,10000.0,4.0,836887.0,384.0033265980874,0.97998,10.003200054168701
54,10000.0,367.0,422291.0,348571857.5430916,0.116632,10.003289222717285
54,10000.0,287800.0,130542.0,42391156.8993479,0.053316,10.003323793411255
54,10000.0,1.0,507342.0,2850.45851820169,1.959964,10.003289699554443
55,10000.0,605655.0,443486.0,595.7597310561688,0.001637,10.002988338470459
55,10000.0,392738.0,327446.0,90531.41228491608,0.019931,10.002937316894531
55,10000.0,162824.0,1649043.0,2760740.617327872,0.014219,10.003071546554565
55,10000.0,515579.0,52119.0,3712582.574416327,0.009938,10.003171920776367
55,10000.0,234301.0,1977262.0,34756.28922350392,0.003829,10.00313425064087
55,10000.0,1383588.0,0.0,79851.0,0.0,10.003034353256226
55,10000.0,355373.0,498636.0,1059922.9626502765,0.009013,10.002949237823486
55,10000.0,18.0,1064386.0,703.7527104370146,0.461964,10.002902507781982
55,10000.0,384.0,1917293.0,67794.43380298142,0.100009,10.00301456451416
55,10000.0,695.0,732398.0,78124.23695220116,0.07431,10.003046989440918
55,10000.0,162417.0,1645938.0,2731890.1425439143,0.014319,10.003069162368774
55,10000.0,511613.0,51272.0,3724125.03694538,0.009986,10.003049612045288
55,10000.0,256657.0,388117.0,535348194.1230431,0.021456,10.003112077713013
55,10000.0,350749.0,492535.0,1052336.0807580838,0.009093,10.002989530563354
55,10000.0,365.0,1911738.0,64627.871783057715,0.102579,10.003063917160034
55,10000.0,728.0,722477.0,82952.60250689638,0.072605,10.00305700302124
55,10000.0,664.0,711278.0,16580743.82679488,0.102094,10.003000259399414
55,10000.0,184210.0,278172.0,531895575.1597121,0.02542,10.00307035446167
55,10000.0,681.0,702044.0,16511735.73838984,0.100785,10.00305724143982
56,10000.0,605494.0,443686.0,595.5792218685068,0.001638,10.002934694290161
56,10000.0,387885.0,324614.0,67897.31207482396,0.008587,10.002988815307617
56,10000.0,25991.0,7833136.0,118104.67966734727,0.034793,10.00309705734253
56,10000.0,514986.0,52272.0,3701973.249491413,0.00991,10.003174543380737
56,10000.0,11752.0,1402807.0,955.7121760209366,0.050316,10.003114223480225
56,10000.0,1245237.0,119014.0,72780.0217350033,0.000519,10.002991676330566
56,10000.0,46067.0,873773.0,41655.43729344234,0.039143,10.00298261642456
56,10000.0,6.0,1044534.0,236.85790108564535,0.80015,10.002944946289062
56,10000.0,56.0,7938220.0,2388.361741012784,0.26191,10.003102779388428
56,10000.0,708.0,741108.0,78536.43870717267,0.073625,10.003150463104248
56,10000.0,5027.0,611457.0,33499.61687245736,0.201087,10.003082513809204
56,10000.0,475843.0,102754.0,734216.6432525575,0.005668,10.003103494644165
56,10000.0,44686.0,845151.0,23757389.30574476,0.087185,10.00315260887146
56,10000.0,39103.0,891190.0,16407.243240570446,0.027731,10.00302243232727
56,10000.0,0.0,1411409.0,0.0,0.0,10.00296926498413
56,10000.0,66.0,734626.0,7392.183979136836,0.241244,10.00304365158081
56,10000.0,77.0,910623.0,714176.7991742615,0.428098,10.003119707107544
56,10000.0,20862.0,483420.0,897638.991008999,0.072493,10.003199815750122
56,10000.0,8.0,918626.0,3224.735718468944,0.923934,10.003162384033203
57,10000.0,151863.0,2559281.0,10953.39514684576,0.009751,10.002939462661743
57,10000.0,611183.0,36956.0,21390442.214623716,0.003675,10.003084421157837
57,10000.0,160170.0,1638663.0,2719813.0426726663,0.014451,10.003111362457275
57,10000.0,506133.0,55025.0,3646162.982974492,0.010036,10.003105163574219
57,10000.0,394095.0,322165.0,79777.89772429006,0.019128,10.003085613250732
57,10000.0,39705.0,1786210.0,6009216.575532815,0.024834,10.003114938735962
57,10000.0,91300.0,503330.0,6177991.380858685,0.019912,10.003116846084595
57,10000.0,40710.0,778500.0,54903.408972058445,0.066898,10.00334095954895
57,10000.0,354603.0,496928.0,1052921.1070413173,0.009026,10.003223419189453
57,10000.0,195003.0,1201357.0,31259.78367756166,0.016866,10.002984285354614
57,10000.0,508935.0,296976.0,71460.8604473695,0.005849,10.002957582473755
57,10000.0,25857.0,622813.0,614390.0446791126,0.055429,10.003146886825562
57,10000.0,13289.0,1780907.0,211372.82363353836,0.063635,10.003151178359985
57,10000.0,48451.0,504742.0,277872.37040237314,0.060501,10.003150939941406
57,10000.0,26309.0,664258.0,8335.991033455117,0.053594,10.003072738647461
57,10000.0,36979.0,1716523.0,5676728227.735773,0.034309,10.003175735473633
57,10000.0,81180.0,464637.0,4998031252.046382,0.03018,10.003207206726074
57,10000.0,24174.0,492671.0,13605876.47960994,0.330076,10.003167152404785
57,10000.0,252790.0,386381.0,523448507.26081127,0.021726,10.003188848495483
57,10000.0,50586.0,523720.0,2953776.9419368766,0.19136,10.003138542175293
57,10000.0,231064.0,241020.0,3133203.820608197,0.153686,10.003140211105347
57,10000.0,59350.0,591727.0,1454646213.9565673,0.02936,10.00319528579712
57,10000.0,10428.0,720375.0,7314262.674980809,0.257376,10.003147602081299
57,10000.0,35291.0,680848.0,5404206.507932119,0.245373,10.003141641616821
57,10000.0,129822.0,1045359.0,857675.1160272333,0.093835,10.003060340881348
57,10000.0,2512.0,1773486.0,62562051.90378818,0.614535,10.00338101387024
57,10000.0,6123.0,543395.0,137418895.35265452,0.364671,10.003387451171875
57,10000.0,2179.0,676535.0,126059.02081878376,0.479048,10.003253698348999
57,10000.0,23104.0,621889.0,25991950.990785945,0.133614,10.003327369689941
57,10000.0,4875.0,678914.0,156760.79363663352,0.469215,10.003159761428833
57,10000.0,25077.0,647234.0,222222.3305345294,0.598299,10.003082513809204
57,10000.0,48925.0,496756.0,1671709723406.2065,0.039074,10.00358510017395
57,10000.0,6967.0,505505.0,4521199885.624315,0.489807,10.003280401229858
57,10000.0,23523.0,479200.0,3278072409.7584395,0.493484,10.003247499465942
57,10000.0,49596.0,530122.0,412996691.1932491,0.29508,10.00322675704956
57,10000.0,11615.0,780992.0,1175977538.2066724,0.357024,10.003271341323853
57,10000.0,3291.0,545592.0,28230416892.473988,0.586612,10.004518985748291
57,10000.0,727.0,679878.0,52150318.4693148,1.591814,10.00348949432373
57,10000.0,2269.0,678216.0,5920403.707073632,0.560246,10.00341272354126
57,10000.0,4892.0,683520.0,4195023.059911797,0.316831,10.003336906433105
57,10000.0,7039.0,505179.0,2394592759552.4795,0.420815,10.003599882125854
57,10000.0,742.0,681416.0,348755343.7182588,0.722938,10.004679679870605
58,10000.0,861646.0,338105.0,7973.316039744914,0.001121,10.003023147583008
58,10000.0,93414.0,571484.0,417798.6055485202,0.020062,10.003093481063843
58,10000.0,39050.0,1824649.0,199030.29673783158,0.022539,10.003112316131592
58,10000.0,137469.0,491374.0,216255.57493205776,0.018857,10.003076553344727
58,10000.0,83988.0,683938.0,9998.456843497941,0.014553,10.003041982650757
58,10000.0,58168.0,1756312.0,2640336.2710528634,0.032624,10.003203392028809
58,10000.0,607551.0,36090.0,3629996.450679804,0.00472,10.003180742263794
58,10000.0,165900.0,624958.0,48698.29630603724,0.012061,10.003219604492188
58,10000.0,179726.0,1671642.0,1059819.8874832017,0.010003,10.003220796585083
58,10000.0,176524.0,1210791.0,20314.314463550094,0.01409,10.003135442733765
58,10000.0,496698.0,314130.0,60710.61374298865,0.003416,10.002979516983032
58,10000.0,21892.0,639522.0,429814.4690980233,0.070369,10.003107786178589
58,10000.0,10273.0,1848833.0,184132.67828730584,0.086288,10.003170728683472
58,10000.0,36512.0,581446.0,254331.47850339345,0.076768,10.003116130828857
58,10000.0,15073.0,743548.0,4952.225287726019,0.08567,10.003068208694458
58,10000.0,11135.0,1743362.0,28555610.59833673,0.252014,10.003171443939209
58,10000.0,61773.0,380674.0,35784573.82807884,0.057862,10.003201007843018
58,10000.0,23482.0,686063.0,92458.30766195238,0.134939,10.003122329711914
58,10000.0,33933.0,1604496.0,15092384.761774847,0.059504,10.003172397613525
58,10000.0,20089.0,719254.0,41245.09759340387,0.113707,10.003111362457275
58,10000.0,75112.0,634489.0,75423.8693293837,0.059669,10.00306248664856
58,10000.0,334406.0,287093.0,509193438.4020055,0.011053,10.003127098083496
58,10000.0,20322.0,723683.0,170706.74765626574,0.133003,10.003142356872559
58,10000.0,121900.0,552467.0,330238.6683512094,0.067624,10.003143787384033
58,10000.0,115718.0,1064315.0,140159.02088331428,0.037311,10.003112554550171
58,10000.0,2931.0,1758172.0,40470106.11744458,0.448504,10.003280639648438
58,10000.0,14553.0,425906.0,42935521.03719075,0.119445,10.00328278541565
58,10000.0,4533.0,748517.0,64389.92012482571,0.550726,10.003183126449585
58,10000.0,8821.0,1624830.0,23436070.03215497,0.177344,10.003292798995972
58,10000.0,3453.0,752430.0,58423.116315620275,1.183774,10.003172397613525
58,10000.0,14919.0,734931.0,50888.39477228779,0.093832,10.003134489059448
58,10000.0,32534.0,402473.0,5203097111.194293,0.131497,10.00340986251831
58,10000.0,5553.0,699787.0,936583.0214222928,0.294899,10.003268241882324
58,10000.0,22238.0,671975.0,1550135.7371152658,0.179138,10.003246784210205
58,10000.0,19451.0,707334.0,709603.9474397518,0.239596,10.003262519836426
58,10000.0,19117.0,710125.0,3434175.7436763104,0.339483,10.003235340118408
58,10000.0,8344.0,426855.0,9213119258.573957,0.240825,10.00395154953003
58,10000.0,975.0,752839.0,421016.8681133542,0.77661,10.003401756286621
58,10000.0,4453.0,747314.0,1106140.6475011539,0.418185,10.003353118896484
58,10000.0,3378.0,749538.0,536885.7547189859,0.518768,10.003291368484497
58,10000.0,5466.0,695245.0,28015683.610946596,0.354518,10.003479957580566
58,10000.0,1008.0,751729.0,190475181.48689383,1.185439,10.004201412200928
59,10000.0,806642.0,0.0,174305.0,0.0,10.002994775772095
59,10000.0,88.0,5219356.0,32626.42566526243,0.208931,10.00302529335022
59,10000.0,60.0,4024229.0,852570.9090972344,0.253028,10.003048419952393
59,10000.0,1094581.0,0.0,11102.0,0.0,10.002936601638794
59,10000.0,926451.0,0.0,328064.0,0.0,10.002968072891235
59,10000.0,515325.0,51830.0,3758737.520356869,0.009949,10.003071546554565
59,10000.0,393110.0,331711.0,57826.31276549659,0.006559,10.003062725067139
59,10000.0,143150.0,701783.0,316641.8082380496,0.010755,10.003050327301025
59,10000.0,502516.0,307425.0,67126.08534448805,0.003613,10.003026962280273
59,10000.0,75.0,5213759.0,27836.532242875397,0.226316,10.002989053726196
59,10000.0,54.0,4019984.0,768125.2162491996,0.266716,10.003020286560059
59,10000.0,356.0,625988.0,7910925.251267674,0.103848,10.003109693527222
59,10000.0,14.0,871455.0,109725.05040339932,0.523819,10.003082036972046
59,10000.0,19.0,4013956.0,3689720.9473601603,0.847856,10.003096342086792
59,10000.0,143056.0,703356.0,316373.00975884084,0.010635,10.003102779388428
59,10000.0,49198.0,508169.0,294096.15256554476,0.074302,10.003054857254028
59,10000.0,25228.0,671104.0,8034.666100365917,0.053336,10.00303030014038
59,10000.0,512.0,695772.0,19262935.947929293,0.086587,10.003066778182983
59,10000.0,8.0,1009637.0,101859.07197084124,0.69295,10.003118991851807
59,10000.0,244711.0,265744.0,453365.4334172454,0.019348,10.003126859664917
59,10000.0,8.0,4012064.0,598616.9270740903,1.382757,10.003109455108643
59,10000.0,0.0,1384901.0,0.0,0.0,10.003112316131592
59,10000.0,2.0,872141.0,15662.893413121472,1.385903,10.003119945526123
59,10000.0,0.0,1261161.0,0.0,0.0,10.003132104873657
59,10000.0,0.0,2869938.0,0.0,0.0,10.003129243850708
59,10000.0,6.0,559199.0,598487.0124998882,0.970752,10.003150701522827
59,10000.0,0.0,1356825.0,0.0,0.0,10.003173351287842
59,10000.0,0.0,3357333.0,0.0,0.0,10.003151416778564
59,10000.0,24211.0,654570.0,94435.20286366295,0.171085,10.003111839294434
59,10000.0,8.0,593305.0,1885010.6808379388,0.862864,10.00314211845398
59,10000.0,0.0,1138666.0,0.0,0.0,10.003364324569702
59,10000.0,0.0,2322436.0,0.0,0.0,10.003234624862671
59,10000.0,0.0,803878.0,0.0,0.0,10.003187656402588
59,10000.0,0.0,778468.0,0.0,0.0,10.003180980682373
59,10000.0,0.0,799742.0,0.0,0.0,10.003181457519531
59,10000.0,0.0,746889.0,0.0,0.0,10.003288745880127
60,10000.0,146381.0,755082.0,28303.923960273467,0.004688,10.003109693527222
60,10000.0,61.0,4663410.0,25312.300796981475,0.250946,10.00307321548462
60,10000.0,47.0,3955996.0,678343.2292356276,0.285888,10.003111124038696
60,10000.0,522403.0,750507.0,4556.267219206386,0.002082,10.003064632415771
60,10000.0,185820.0,1088337.0,47771.877076372846,0.004202,10.003077268600464
60,10000.0,124142.0,501952.0,187616.8303194089,0.019938,10.003080129623413
60,10000.0,74358.0,662948.0,9629.325571743619,0.017647,10.003100156784058
60,10000.0,100390.0,930057.0,155935.31419665445,0.013359,10.003117322921753
60,10000.0,481693.0,302900.0,64697.32796494488,0.004866,10.003009557723999
60,10000.0,32.0,4654307.0,13304.637139666878,0.346475,10.003105640411377
60,10000.0,4.0,3959717.0,57677.7147127285,0.979982,10.003121137619019
60,10000.0,18.0,622294.0,402582.1677711502,0.461962,10.003166437149048
60,10000.0,0.0,858857.0,0.0,0.0,10.003137826919556
60,10000.0,7.0,3964730.0,532843.8779583614,0.995253,10.003183603286743
60,10000.0,50630.0,1182727.0,29269.23354389686,0.012526,10.003155708312988
60,10000.0,26070.0,593066.0,97635.41859946765,0.055303,10.00321912765503
60,10000.0,11393.0,720835.0,3336.9591985010134,0.095239,10.003154993057251
60,10000.0,146726.0,879812.0,942526.4773676181,0.00982,10.00315237045288
60,10000.0,2.0,1182839.0,20781.13437055361,1.385903,10.003159046173096
60,10000.0,67268.0,617867.0,101987.79732461486,0.123325,10.003095865249634
60,10000.0,1.0,3957357.0,14428.038743272658,1.959964,10.003188371658325
60,10000.0,0.0,1340126.0,0.0,0.0,10.00326418876648
60,10000.0,0.0,859376.0,0.0,0.0,10.0032057762146
60,10000.0,4.0,3954084.0,721998.5309507528,1.123864,10.003259658813477
60,10000.0,0.0,2830938.0,0.0,0.0,10.003175497055054
60,10000.0,1.0,547283.0,23899.560739944893,1.959964,10.003221988677979
60,10000.0,46681.0,1114525.0,744532.1111697666,0.024238,10.003212213516235
60,10000.0,1.0,1180695.0,10409.443988969218,1.959964,10.00324273109436
60,10000.0,11301.0,713625.0,38877.74156258708,0.162665,10.002233982086182
60,10000.0,0.0,615152.0,0.0,0.0,10.002990007400513
60,10000.0,1.0,3953760.0,317705.6276264549,1.959964,10.003711223602295
60,10000.0,0.0,2373823.0,0.0,0.0,10.003403425216675
60,10000.0,0.0,768928.0,0.0,0.0,10.003273248672485
60,10000.0,0.0,750890.0,0.0,0.0,10.00336241722107
60,10000.0,0.0,613809.0,0.0,0.0,10.003352642059326
60,10000.0,0.0,731584.0,0.0,0.0,10.003467082977295
61,10000.0,53670.0,6022137.0,1539.7048243961667,0.008423,10.003117799758911
61,10000.0,9.0,5279259.0,3298.981409922739,0.653321,10.00302004814148
61,10000.0,5.0,4059184.0,70436.7245772493,0.876522,10.003041505813599
61,10000.0,166620.0,6736853.0,3839.1532238918007,0.006538,10.003058195114136
61,10000.0,199774.0,856443.0,62050.371785343355,0.003949,10.003072738647461
61,10000.0,417023.0,2982551.0,163678.46841986672,0.005968,10.003173351287842
61,10000.0,676114.0,4771477.0,11332.958287066705,0.002231,10.003013610839844
61,10000.0,142725.0,702165.0,315392.4799488691,0.010606,10.003077507019043
61,10000.0,500681.0,304921.0,80184.78200153426,0.006783,10.003263473510742
61,10000.0,3.0,5268239.0,1101.9619694767248,1.131586,10.003349304199219
61,10000.0,2.0,4055109.0,28203.023552252947,1.385904,10.003321647644043
61,10000.0,2.0,1454416.0,19139.51636324633,1.385903,10.003455638885498
61,10000.0,1.0,3927817.0,1789.5047899368046,1.959964,10.003448963165283
61,10000.0,0.0,4058661.0,0.0,0.0,10.003212690353394
61,10000.0,50897.0,974170.0,31883.816312494695,0.012022,10.003140449523926
61,10000.0,135240.0,5582131.0,78653.43567454342,0.015812,10.003206253051758
61,10000.0,117983.0,4886992.0,3753.1882432979187,0.007752,10.003115892410278
61,10000.0,43.0,691931.0,1627862.1074664656,0.298883,10.003238439559937
61,10000.0,4.0,999348.0,52951.035470985196,0.979981,10.00326132774353
61,10000.0,414738.0,2976492.0,163540.52088475274,0.006004,10.003247022628784
61,10000.0,1.0,4053861.0,14105.856469707158,1.959964,10.003291130065918
61,10000.0,0.0,1390739.0,0.0,0.0,10.00333547592163
61,10000.0,1.0,3935310.0,1786.097496487571,1.959964,10.003309965133667
61,10000.0,0.0,1266500.0,0.0,0.0,10.003361701965332
61,10000.0,0.0,4617007.0,0.0,0.0,10.003231525421143
61,10000.0,0.0,813766.0,0.0,0.0,10.003206491470337
61,10000.0,0.0,1355535.0,0.0,0.0,10.00321650505066
61,10000.0,0.0,3357643.0,0.0,0.0,10.003178119659424
61,10000.0,107598.0,4444596.0,78639.67015816989,0.017529,10.003173589706421
61,10000.0,2.0,587540.0,450322.8977673086,1.616227,10.003175020217896
61,10000.0,0.0,1149939.0,0.0,0.0,10.003602981567383
61,10000.0,0.0,4505088.0,0.0,0.0,10.003385305404663
61,10000.0,0.0,800343.0,0.0,0.0,10.003249883651733
61,10000.0,0.0,773645.0,0.0,0.0,10.003267049789429
61,10000.0,0.0,796593.0,0.0,0.0,10.003233194351196
61,10000.0,0.0,742691.0,0.0,0.0,10.003647565841675
62,10000.0,402070.0,664122.0,65731.88633004187,0.00244,10.003096580505371
62,10000.0,54.0,4902791.0,21313.592809888953,0.266716,10.003090143203735
62,10000.0,0.0,8124870.0,0.0,0.0,10.003089189529419
62,10000.0,850965.0,330959.0,7993.249506736473,0.001124,10.003052234649658
62,10000.0,23809.0,7785224.0,998.5895713336081,0.012683,10.0030677318573
62,10000.0,341915.0,246299.0,431504.28922296985,0.012157,10.003099918365479
62,10000.0,322936.0,418506.0,35576.22655447088,0.00636,10.003070592880249
62,10000.0,4941.0,7718138.0,572.0055060941368,0.065696,10.003124713897705
62,10000.0,520308.0,304962.0,63274.30804827511,0.003415,10.003038167953491
62,10000.0,33.0,4900638.0,13030.751427712654,0.341185,10.003098726272583
62,10000.0,0.0,8125904.0,0.0,0.0,10.008609294891357
62,10000.0,26.0,715647.0,505648.7284416207,0.384374,10.004080533981323
62,10000.0,12.0,1055278.0,71848.10179192449,0.56579,10.003194808959961
62,10000.0,0.0,8080323.0,0.0,0.0,10.00317645072937
62,10000.0,4295.0,7776677.0,366.503242525484,0.047543,10.003177881240845
62,10000.0,40709.0,537915.0,174359.83300554418,0.059267,10.00317907333374
62,10000.0,23953.0,690738.0,5956.535845561229,0.035121,10.003153562545776
62,10000.0,22681.0,7486251.0,22363.56217635211,0.022687,10.003199577331543
62,10000.0,0.0,4527229.0,0.0,0.0,10.003201961517334
62,10000.0,214795.0,333833.0,222287.332099346,0.019177,10.00317120552063
62,10000.0,0.0,8130205.0,0.0,0.0,10.00321102142334
62,10000.0,0.0,1359478.0,0.0,0.0,10.00327444076538
62,10000.0,1.0,1052796.0,6001.519708927742,1.959964,10.003228425979614
62,10000.0,0.0,8145841.0,0.0,0.0,10.003252983093262
62,10000.0,0.0,4606783.0,0.0,0.0,10.00323486328125
62,10000.0,8.0,607799.0,800443.9069721145,0.973595,10.003316164016724
62,10000.0,4450.0,7696036.0,14107.907689982165,0.084758,10.003348112106323
62,10000.0,0.0,4510056.0,0.0,0.0,10.003265857696533
62,10000.0,23055.0,676663.0,55318.840482880245,0.091825,10.003251075744629
62,10000.0,1.0,851404.0,69722.50266324487,1.959964,10.003255844116211
62,10000.0,0.0,8132066.0,0.0,0.0,10.003437042236328
62,10000.0,0.0,4570220.0,0.0,0.0,10.003377199172974
62,10000.0,0.0,813168.0,0.0,0.0,10.003307580947876
62,10000.0,0.0,853683.0,0.0,0.0,10.003289937973022
62,10000.0,0.0,851681.0,0.0,0.0,10.003297090530396
62,10000.0,0.0,851658.0,0.0,0.0,10.003516674041748
63,10000.0,23555.0,916051.0,4369.6552331509165,0.012609,10.003168106079102
63,10000.0,76.0,4566111.0,32208.53468331455,0.224821,10.00326919555664
63,10000.0,44.0,3817776.0,577154.0781178788,0.295474,10.003214597702026
63,10000.0,656.0,3765611.0,9901143.160036184,0.076517,10.00322937965393
63,10000.0,1419398.0,27146.0,171033.97365721333,0.000225,10.003186225891113
63,10000.0,43634.0,872964.0,528.5028638508921,0.009157,10.003106594085693
63,10000.0,32359.0,849213.0,10545.85995698593,0.010694,10.003085613250732
63,10000.0,83.0,4518318.0,58592.12376148111,0.215132,10.00313425064087
63,10000.0,233250.0,1965376.0,34598.1640351747,0.003837,10.0030996799469
63,10000.0,2.0,4565562.0,847.7086773945125,1.385904,10.003105878829956
63,10000.0,4.0,3819705.0,52442.60474292675,0.979982,10.003191471099854
63,10000.0,8.0,832242.0,546422.7702733554,0.692949,10.003263235092163
63,10000.0,17319.0,678607.0,4337.800707259105,0.014707,10.003221035003662
63,10000.0,0.0,2751344.0,0.0,0.0,10.003222942352295
63,10000.0,0.0,3773411.0,0.0,0.0,10.003236770629883
63,10000.0,31.0,1683306.0,35637.04558861357,0.352017,10.003190279006958
63,10000.0,1.0,2429861.0,6721337326.872439,1.959964,10.003293514251709
63,10000.0,20.0,1551780.0,645429.4668127336,0.438259,10.003248929977417
63,10000.0,734.0,3766367.0,11075960.576549448,0.072337,10.003218173980713
63,10000.0,3.0,4501406.0,2125.7818687437643,1.131585,10.003262519836426
63,10000.0,0.0,2750720.0,0.0,0.0,10.003326416015625
63,10000.0,0.0,3767545.0,0.0,0.0,10.003370523452759
63,10000.0,1.0,1679253.0,1152.3772520416803,1.959964,10.003280878067017
63,10000.0,0.0,2447904.0,0.0,0.0,10.00332498550415
63,10000.0,4.0,3814889.0,52508.80937420787,0.979982,10.003318548202515
63,10000.0,7.0,829225.0,479860.0472967758,0.740794,10.003289699554443
63,10000.0,0.0,1957077.0,0.0,0.0,10.00337028503418
63,10000.0,0.0,1342350.0,0.0,0.0,10.003288984298706
63,10000.0,0.0,3768572.0,0.0,0.0,10.003304719924927
63,10000.0,0.0,2427025.0,0.0,0.0,10.003273487091064
63,10000.0,0.0,1954969.0,0.0,0.0,10.003370761871338
63,10000.0,0.0,1338542.0,0.0,0.0,10.003298997879028
63,10000.0,0.0,3759768.0,0.0,0.0,10.003284931182861
63,10000.0,0.0,2422429.0,0.0,0.0,10.003295183181763
63,10000.0,0.0,1956391.0,0.0,0.0,10.003324031829834
63,10000.0,0.0,1952100.0,0.0,0.0,10.00338339805603
64,10000.0,110648.0,1016208.0,17115.318763000774,0.005595,10.003156423568726
64,10000.0,57.0,4701050.0,23463.12140310782,0.259602,10.003157138824463
64,10000.0,59.0,3896339.0,183242.81063305135,0.255164,10.003148794174194
64,10000.0,518.0,3660493.0,8090905.839769397,0.08611,10.003159046173096
64,10000.0,613116.0,1398468.0,53126.88129354777,0.002087,10.00316596031189
64,10000.0,238738.0,632395.0,3042.5540944953295,0.003418,10.003034830093384
64,10000.0,142779.0,758487.0,10998.659255979923,0.004758,10.003090620040894
64,10000.0,89.0,5177935.0,13248.16016804866,0.207754,10.003098487854004
64,10000.0,167134.0,1215646.0,18713.596770274376,0.014662,10.003010511398315
64,10000.0,17.0,4689144.0,7015.600417644009,0.47536,10.003112316131592
64,10000.0,7.0,3894748.0,21749.843737282576,0.740796,10.00318193435669
64,10000.0,21.0,987312.0,1216253.387580482,0.427695,10.003211975097656
64,10000.0,47749.0,1266661.0,6332.034483152137,0.008805,10.003185272216797
64,10000.0,0.0,3134822.0,0.0,0.0,10.00319790840149
64,10000.0,0.0,3656850.0,0.0,0.0,10.00324010848999
64,10000.0,10.0,2160610.0,8956.383399209486,0.619794,10.00319504737854
64,10000.0,9.0,1035441.0,9735407.025694143,1.278394,10.00323486328125
64,10000.0,10.0,1782264.0,67899.06173237112,0.619793,10.00322961807251
64,10000.0,177405.0,1364136.0,204246.2181641617,0.013217,10.00313949584961
64,10000.0,35.0,5160074.0,5228.038669338186,0.331293,10.003125429153442
64,10000.0,0.0,3134907.0,0.0,0.0,10.003171920776367
64,10000.0,0.0,3660338.0,0.0,0.0,10.003235340118408
64,10000.0,0.0,2163818.0,0.0,0.0,10.003188133239746
64,10000.0,9.0,3891689.0,550392.3384072968,0.988128,10.003291845321655
64,10000.0,6.0,3885512.0,18687.04234802155,0.800151,10.003249406814575
64,10000.0,22622.0,1256903.0,32113.178617064925,0.035738,10.00323224067688
64,10000.0,0.0,1015459.0,0.0,0.0,10.003306865692139
64,10000.0,0.0,1693347.0,0.0,0.0,10.003237962722778
64,10000.0,5.0,1595511.0,24257.157057654076,1.239589,10.003350973129272
64,10000.0,2.0,1350040.0,107565.30450163773,1.804042,10.003344535827637
64,10000.0,0.0,1012956.0,0.0,0.0,10.003419637680054
64,10000.0,0.0,1693703.0,0.0,0.0,10.003296613693237
64,10000.0,1.0,1605148.0,10850.21203016044,1.959964,10.003303527832031
64,10000.0,3.0,3865243.0,216028.0751121662,1.875824,10.0033278465271
64,10000.0,0.0,1326434.0,0.0,0.0,10.003347873687744
64,10000.0,0.0,1326755.0,0.0,0.0,10.003397464752197
65,10000.0,726997.0,59828.0,161051.3291837448,0.000634,10.00313925743103
65,10000.0,71.0,4745147.0,28954.31185880185,0.232603,10.003175258636475
65,10000.0,44.0,3795017.0,185873.84337695758,0.295474,10.003156185150146
65,10000.0,37.0,8147827.0,258977.78387194485,0.322215,10.003146648406982
65,10000.0,1396136.0,32909.0,170290.98837335422,0.000252,10.003148078918457
65,10000.0,741678.0,39267.0,10543.776009834239,0.00051,10.003055334091187
65,10000.0,769591.0,50829.0,86277.64049633115,0.000556,10.00312352180481
65,10000.0,34.0,4937612.0,7031.285103873384,0.33613,10.00316596031189
65,10000.0,9630.0,1457378.0,840.8272265727248,0.070743,10.003082990646362
65,10000.0,101.0,4742224.0,41213.65471788627,0.195022,10.003110408782959
65,10000.0,37.0,3795022.0,156303.0870297405,0.322215,10.003194093704224
65,10000.0,38.0,7848558.0,276118.9284988041,0.317947,10.00323486328125
65,10000.0,530732.0,54756.0,158003.65039078513,0.000823,10.003200769424438
65,10000.0,0.0,2932876.0,0.0,0.0,10.003207683563232
65,10000.0,0.0,8144536.0,0.0,0.0,10.003217697143555
65,10000.0,34.0,1713346.0,38400.44808507161,0.336128,10.00315546989441
65,10000.0,0.0,8078215.0,0.0,0.0,10.003268003463745
65,10000.0,23.0,1592300.0,231569.32584657762,0.408678,10.003262042999268
65,10000.0,52.0,8157045.0,363556.801881846,0.271797,10.003170490264893
65,10000.0,55.0,4924667.0,11403.986937739835,0.26428,10.00318193435669
65,10000.0,0.0,2927001.0,0.0,0.0,10.003216743469238
65,10000.0,0.0,8152000.0,0.0,0.0,10.003255367279053
65,10000.0,29.0,1710016.0,32817.20024326845,0.363953,10.00319790840149
65,10000.0,0.0,8068082.0,0.0,0.0,10.003275156021118
65,10000.0,28.0,3792097.0,118374.93411741438,0.370397,10.003278493881226
65,10000.0,29.0,7844538.0,210830.56798036143,0.363956,10.003283500671387
65,10000.0,0.0,8054595.0,0.0,0.0,10.003377199172974
65,10000.0,0.0,1414792.0,0.0,0.0,10.003262281417847
65,10000.0,0.0,8146595.0,0.0,0.0,10.003256797790527
65,10000.0,0.0,3939072.0,0.0,0.0,10.003300666809082
65,10000.0,0.0,8048415.0,0.0,0.0,10.003432035446167
65,10000.0,0.0,1410804.0,0.0,0.0,10.003310203552246
65,10000.0,0.0,8131484.0,0.0,0.0,10.003264427185059
65,10000.0,0.0,3928441.0,0.0,0.0,10.003348350524902
65,10000.0,0.0,3922655.0,0.0,0.0,10.003400564193726
65,10000.0,0.0,3918762.0,0.0,0.0,10.003454446792603
66,10000.0,29681.0,1119090.0,4503.549188654658,0.011229,10.003135919570923
66,10000.0,59.0,4733543.0,24119.66880401014,0.255164,10.003148078918457
66,10000.0,34.0,4099351.0,62049.72862270804,0.33613,10.003140926361084
66,10000.0,509.0,3653695.0,7965140.019462515,0.086868,10.003150463104248
66,10000.0,508654.0,1569819.0,42656.76555336538,0.002388,10.003168821334839
66,10000.0,56283.0,875323.0,670.7276101699646,0.008008,10.003087997436523
66,10000.0,53627.0,819587.0,2635.9225424695437,0.0082,10.0029878616333
66,10000.0,102.0,5167376.0,9405.731787150327,0.194063,10.003086566925049
66,10000.0,162709.0,1228842.0,17151.218191068816,0.013977,10.003106355667114
66,10000.0,1.0,4719193.0,410.056062539493,1.959964,10.003129482269287
66,10000.0,5.0,4096036.0,9132.409691455725,0.876522,10.0031578540802
66,10000.0,6.0,993414.0,345371.7190312255,0.80015,10.003244400024414
66,10000.0,10066.0,1430770.0,1217.7334061614229,0.019467,10.003228425979614
66,10000.0,0.0,3164541.0,0.0,0.0,10.003194093704224
66,10000.0,0.0,3657490.0,0.0,0.0,10.003242492675781
66,10000.0,9.0,2190140.0,7952.064900607219,0.65332,10.003211975097656
66,10000.0,8.0,1054082.0,7459413.802573784,1.277551,10.003202438354492
66,10000.0,2.0,1832620.0,8164.635047489335,1.385903,10.003228187561035
66,10000.0,120832.0,1548730.0,77855.5345383999,0.015606,10.00319528579712
66,10000.0,1.0,5164806.0,92.26074507721198,1.959964,10.003133535385132
66,10000.0,0.0,3160032.0,0.0,0.0,10.003196477890015
66,10000.0,0.0,3652247.0,0.0,0.0,10.003254175186157
66,10000.0,0.0,2193180.0,0.0,0.0,10.003198862075806
66,10000.0,0.0,4085806.0,0.0,0.0,10.003226280212402
66,10000.0,1.0,4087379.0,1830.3521828163762,1.959964,10.003233194351196
66,10000.0,3400.0,1390609.0,2121.9058485275204,0.078834,10.00322675704956
66,10000.0,0.0,1025547.0,0.0,0.0,10.00330138206482
66,10000.0,0.0,1750188.0,0.0,0.0,10.003333330154419
66,10000.0,3.0,1711384.0,6784.441309884906,1.385903,10.003372430801392
66,10000.0,1.0,1448088.0,103327.142254378,1.959964,10.003331184387207
66,10000.0,0.0,1020798.0,0.0,0.0,10.003442764282227
66,10000.0,0.0,1751017.0,0.0,0.0,10.003328561782837
66,10000.0,0.0,1708014.0,0.0,0.0,10.00331425666809
66,10000.0,1.0,4078126.0,5503.515391992451,1.959964,10.003569602966309
66,10000.0,0.0,1431293.0,0.0,0.0,10.003631591796875
66,10000.0,0.0,1430401.0,0.0,0.0,10.003655672073364
67,10000.0,808799.0,0.0,174305.0,0.0,10.003298282623291
67,10000.0,74.0,5217173.0,27447.411276483555,0.22784,10.003183364868164
67,10000.0,61.0,4050201.0,795915.8227628238,0.250946,10.003115177154541
67,10000.0,56.0,3999780.0,798371.9442897158,0.261909,10.003146886825562
67,10000.0,5435.0,4769394.0,15842799.647154903,0.026571,10.003098011016846
67,10000.0,1091273.0,0.0,11102.0,0.0,10.003013372421265
67,10000.0,782336.0,0.0,303187.0,0.0,10.003064393997192
67,10000.0,921788.0,0.0,327152.0,0.0,10.00312852859497
67,10000.0,73639.0,650470.0,72317.63762914146,0.014736,10.003120422363281
67,10000.0,143090.0,701914.0,315691.66803470755,0.010628,10.00316309928894
67,10000.0,54.0,3803764.0,1408102.2291013924,0.266715,10.003161430358887
67,10000.0,84.0,5210482.0,31196.469872946625,0.213848,10.003100633621216
67,10000.0,61.0,4048339.0,796281.8921388697,0.250946,10.003236293792725
67,10000.0,57.0,3998492.0,812890.1442798375,0.259602,10.003218650817871
67,10000.0,960.0,866135.0,15409720.287627077,0.063223,10.003233432769775
67,10000.0,7.0,4041127.0,143849.99616073113,0.890892,10.003233432769775
67,10000.0,13.0,3991253.0,1900204.7232331797,0.891166,10.003264665603638
67,10000.0,507.0,4734819.0,3159721.357436637,0.146117,10.003301858901978
67,10000.0,0.0,2515356.0,0.0,0.0,10.003228425979614
67,10000.0,0.0,4764867.0,0.0,0.0,10.003228902816772
67,10000.0,11.0,763239.0,70976767.62790698,1.039803,10.00327730178833
67,10000.0,73421.0,651603.0,71164.62416830339,0.014519,10.003173112869263
67,10000.0,142847.0,701201.0,315444.96555646125,0.010635,10.003187656402588
67,10000.0,54.0,3802181.0,1408688.4700435402,0.266715,10.003187894821167
67,10000.0,0.0,2920968.0,0.0,0.0,10.003184795379639
67,10000.0,8.0,4034851.0,733466.1662179522,1.583116,10.003199815750122
67,10000.0,5.0,3990104.0,300119.3241989129,1.59758,10.0032057762146
67,10000.0,69.0,710413.0,2527125.6465258794,0.311736,10.003209352493286
67,10000.0,0.0,2515267.0,0.0,0.0,10.003156423568726
67,10000.0,0.0,4764221.0,0.0,0.0,10.003180265426636
67,10000.0,52.0,3991825.0,78810713.20061214,0.459256,10.003244638442993
67,10000.0,0.0,2082548.0,0.0,0.0,10.003234386444092
67,10000.0,0.0,4764437.0,0.0,0.0,10.003279447555542
67,10000.0,2.0,762497.0,71794533.7444377,1.818916,10.003308773040771
67,10000.0,0.0,682451.0,0.0,0.0,10.003303050994873
67,10000.0,0.0,2918674.0,0.0,0.0,10.003185272216797
67,10000.0,0.0,2083394.0,0.0,0.0,10.003238677978516
67,10000.0,0.0,4759526.0,0.0,0.0,10.003299951553345
67,10000.0,11.0,3990253.0,50961139.88892966,0.78307,10.00335693359375
67,10000.0,0.0,680487.0,0.0,0.0,10.003300428390503
67,10000.0,0.0,682369.0,0.0,0.0,10.00358510017395
67,10000.0,0.0,683605.0,0.0,0.0,10.003597259521484
68,10000.0,402496.0,665121.0,65713.70189871461,0.002438,10.003084421157837
68,10000.0,40.0,4989840.0,15512.470119521911,0.309896,10.003122329711914
68,10000.0,30.0,3928032.0,403611.3231028431,0.357838,10.00312328338623
68,10000.0,33.0,3876703.0,485529.898917543,0.341185,10.003165245056152
68,10000.0,3396.0,4593376.0,10282646.903692417,0.03362,10.00309944152832
68,10000.0,791858.0,419095.0,7259.742959470764,0.001296,10.003066539764404
68,10000.0,563813.0,242908.0,211895.77565354068,0.001432,10.003067255020142
68,10000.0,400507.0,620197.0,128401.09144080948,0.002414,10.0031418800354
68,10000.0,68941.0,655572.0,65409.38150454167,0.015243,10.00310730934143
68,10000.0,134926.0,710680.0,287850.10413360357,0.011294,10.003156900405884
68,10000.0,46.0,3801993.0,1200356.534708876,0.288979,10.003161430358887
68,10000.0,31.0,4991476.0,12018.24567410203,0.352019,10.003159761428833
68,10000.0,20.0,3925274.0,269263.9584958477,0.43826,10.003130435943604
68,10000.0,14.0,3874606.0,206094.87205971166,0.523822,10.003167867660522
68,10000.0,411.0,1039005.0,5503546.35305306,0.096659,10.003175497055054
68,10000.0,3.0,3914450.0,40501.45195382343,1.131585,10.003164291381836
68,10000.0,4.0,3871805.0,383025.5009015166,1.434264,10.003203630447388
68,10000.0,226.0,4573757.0,1268912.610176951,0.195549,10.003252029418945
68,10000.0,0.0,2662371.0,0.0,0.0,10.003178834915161
68,10000.0,0.0,4598827.0,0.0,0.0,10.003170490264893
68,10000.0,9.0,889684.0,45518342.71226142,1.00765,10.003241777420044
68,10000.0,62791.0,693208.0,44475.907358343065,0.011271,10.003150224685669
68,10000.0,93062.0,872015.0,75201.52843348251,0.009573,10.003184080123901
68,10000.0,26.0,3800375.0,678754.8113233314,0.384379,10.00319242477417
68,10000.0,0.0,2924440.0,0.0,0.0,10.003190755844116
68,10000.0,3.0,3924137.0,67335.78571992845,1.300093,10.003232479095459
68,10000.0,3.0,3869121.0,117935.78571273497,1.14913,10.003206253051758
68,10000.0,43.0,936637.0,1025293.1313735747,0.382149,10.003264904022217
68,10000.0,0.0,2663406.0,0.0,0.0,10.003206014633179
68,10000.0,0.0,4601386.0,0.0,0.0,10.003162622451782
68,10000.0,16.0,3879059.0,24085406.866858725,0.8179,10.003251552581787
68,10000.0,0.0,2265845.0,0.0,0.0,10.003251314163208
68,10000.0,0.0,4593481.0,0.0,0.0,10.003334760665894
68,10000.0,2.0,888345.0,20674808.608730596,1.853641,10.003360986709595
68,10000.0,0.0,800813.0,0.0,0.0,10.003270149230957
68,10000.0,0.0,2921163.0,0.0,0.0,10.00319504737854
68,10000.0,0.0,2268793.0,0.0,0.0,10.00325345993042
68,10000.0,0.0,4591879.0,0.0,0.0,10.003373861312866
68,10000.0,3.0,3878139.0,4471138.7052047085,1.610006,10.003402709960938
68,10000.0,0.0,805794.0,0.0,0.0,10.003315687179565
68,10000.0,0.0,806457.0,0.0,0.0,10.003613948822021
68,10000.0,0.0,802113.0,0.0,0.0,10.003703594207764
69,10000.0,113722.0,777773.0,22234.91237752315,0.005429,10.00317120552063
69,10000.0,78.0,4738242.0,31855.269500582486,0.22192,10.003100156784058
69,10000.0,45.0,3759741.0,632513.5131560679,0.292172,10.003125429153442
69,10000.0,48.0,3957616.0,689437.5326859481,0.282895,10.003185510635376
69,10000.0,5094.0,4385812.0,15954810.456657464,0.027445,10.003149032592773
69,10000.0,164714.0,6038194.0,4671.140689495959,0.007075,10.003071784973145
69,10000.0,181355.0,676718.0,64079.02169745464,0.004087,10.003125667572021
69,10000.0,179994.0,1070379.0,46946.281834300644,0.004274,10.00319242477417
69,10000.0,73322.0,651738.0,70528.4232229057,0.014309,10.003095149993896
69,10000.0,112819.0,914351.0,178020.2639796723,0.012265,10.003163814544678
69,10000.0,33.0,4056201.0,804422.6213783524,0.341185,10.003138780593872
69,10000.0,26.0,4733382.0,10629.442224291673,0.38438,10.003203392028809
69,10000.0,5.0,3754554.0,70377.12023569213,0.876522,10.003209114074707
69,10000.0,6.0,3960246.0,86123.37369440126,0.800151,10.003255367279053
69,10000.0,127.0,837587.0,2084945.9260559094,0.173906,10.0032479763031
69,10000.0,8.0,3757963.0,309378.17795028223,1.20188,10.003188371658325
69,10000.0,5.0,3968240.0,171899.80100523029,1.10776,10.003210306167603
69,10000.0,451.0,4370157.0,3137185.148267701,0.164367,10.003240823745728
69,10000.0,0.0,2686510.0,0.0,0.0,10.003185987472534
69,10000.0,0.0,4400846.0,0.0,0.0,10.003222227096558
69,10000.0,0.0,2824690.0,0.0,0.0,10.003231048583984
69,10000.0,38966.0,795710.0,29359.530702931435,0.014637,10.003164291381836
69,10000.0,56161.0,1158566.0,37858.21628069517,0.012345,10.003199100494385
69,10000.0,14.0,4044501.0,342259.03492309956,0.523822,10.003213882446289
69,10000.0,0.0,3222756.0,0.0,0.0,10.003148794174194
69,10000.0,3.0,3753799.0,253408.7255081648,1.333586,10.003267765045166
69,10000.0,1.0,3961578.0,14349.087527978112,1.959964,10.003266334533691
69,10000.0,31.0,813573.0,1318464.3032728452,0.48724,10.003336191177368
69,10000.0,0.0,2673680.0,0.0,0.0,10.003254413604736
69,10000.0,0.0,4388523.0,0.0,0.0,10.00322675704956
69,10000.0,0.0,2834142.0,0.0,0.0,10.003252267837524
69,10000.0,0.0,2271418.0,0.0,0.0,10.003280878067017
69,10000.0,0.0,4402696.0,0.0,0.0,10.003294706344604
69,10000.0,0.0,2387646.0,0.0,0.0,10.003302812576294
69,10000.0,0.0,2101739.0,0.0,0.0,10.003305435180664
69,10000.0,0.0,3217996.0,0.0,0.0,10.003235816955566
69,10000.0,0.0,2270007.0,0.0,0.0,10.003323554992676
69,10000.0,0.0,4387809.0,0.0,0.0,10.00339937210083
69,10000.0,0.0,2382699.0,0.0,0.0,10.00335955619812
69,10000.0,0.0,2091839.0,0.0,0.0,10.003371477127075
69,10000.0,0.0,1849967.0,0.0,0.0,10.003494262695312
69,10000.0,0.0,1832636.0,0.0,0.0,10.003642559051514
70,10000.0,795766.0,0.0,174305.0,0.0,10.003073692321777
70,10000.0,121.0,5218181.0,44871.15297466494,0.178176,10.00308609008789
70,10000.0,34.0,4198499.0,129827.20562634616,0.33613,10.003149271011353
70,10000.0,13.0,7023073.0,105848.27549598567,0.543596,10.003145933151245
70,10000.0,5440.0,4762864.0,15879073.84663394,0.026558,10.003110885620117
70,10000.0,152768.0,2556054.0,11207.922065015715,0.009933,10.003089189529419
70,10000.0,783192.0,0.0,91976.0,0.0,10.00304651260376
70,10000.0,468206.0,4091362.0,33687.7382208139,0.002713,10.003133535385132
70,10000.0,41834.0,699580.0,11201.904533769257,0.018763,10.003118991851807
70,10000.0,222973.0,3945785.0,129315.47832327998,0.008147,10.003122568130493
70,10000.0,5.0,3999889.0,37718.51762071695,0.876522,10.003132820129395
70,10000.0,95.0,5211800.0,35272.72526595413,0.201086,10.003115892410278
70,10000.0,51.0,4199886.0,194675.70839276875,0.274448,10.00313138961792
70,10000.0,11.0,7005089.0,89793.88598592454,0.590951,10.003165483474731
70,10000.0,955.0,855642.0,15517331.102052657,0.063388,10.003160953521729
70,10000.0,2.0,4199676.0,15269.624652175715,1.549487,10.003157138824463
70,10000.0,7.0,7003448.0,571549.8545218039,1.019581,10.003144025802612
70,10000.0,541.0,4735155.0,3806064.616209529,0.196477,10.00319218635559
70,10000.0,0.0,2636940.0,0.0,0.0,10.003147840499878
70,10000.0,6.0,770163.0,14945924.149426945,1.120316,10.003198146820068
70,10000.0,0.0,4763060.0,0.0,0.0,10.003198862075806
70,10000.0,41305.0,692637.0,11148.021244185507,0.019081,10.003137111663818
70,10000.0,221943.0,3929664.0,130277.60126235455,0.008166,10.003157377243042
70,10000.0,2.0,3998220.0,15093.716388934881,1.385904,10.003127574920654
70,10000.0,0.0,3081152.0,0.0,0.0,10.003149271011353
70,10000.0,7.0,4199966.0,38171.38033982599,0.783985,10.00317931175232
70,10000.0,7.0,7006424.0,408076.49086960254,1.244538,10.00316858291626
70,10000.0,92.0,691625.0,4306014.903161264,0.360106,10.00321364402771
70,10000.0,0.0,2635366.0,0.0,0.0,10.00316858291626
70,10000.0,50.0,4202412.0,13558073.748369409,0.460026,10.00320816040039
70,10000.0,0.0,4761604.0,0.0,0.0,10.003182411193848
70,10000.0,0.0,2183054.0,0.0,0.0,10.003293752670288
70,10000.0,0.0,769409.0,0.0,0.0,10.00334882736206
70,10000.0,0.0,4760759.0,0.0,0.0,10.003311157226562
70,10000.0,0.0,688784.0,0.0,0.0,10.00326132774353
70,10000.0,0.0,3073647.0,0.0,0.0,10.003185749053955
70,10000.0,0.0,2183273.0,0.0,0.0,10.003309965133667
70,10000.0,3.0,4193802.0,1620846.8711158482,1.455393,10.003456354141235
70,10000.0,0.0,4751995.0,0.0,0.0,10.003461360931396
70,10000.0,0.0,692195.0,0.0,0.0,10.003334045410156
70,10000.0,0.0,695097.0,0.0,0.0,10.003676891326904
70,10000.0,0.0,655289.0,0.0,0.0,10.00373125076294
71,10000.0,764436.0,224775.0,134698.27668717797,0.001069,10.003169775009155
71,10000.0,51.0,5001691.0,19731.493469675166,0.274448,10.00312352180481
71,10000.0,64.0,4541201.0,2562.107113326353,0.244994,10.003104448318481
71,10000.0,55.0,3893571.0,807749.8335998373,0.26428,10.003206968307495
71,10000.0,3438.0,4638172.0,10025870.41501548,0.033414,10.00324821472168
71,10000.0,1035474.0,45848.0,10631.275742100874,0.000397,10.003036737442017
71,10000.0,756216.0,3571.0,1038.0978984899716,0.000155,10.00294804573059
71,10000.0,890740.0,25159.0,319052.3489598744,0.000344,10.003092288970947
71,10000.0,134591.0,548766.0,536.5942311266293,0.012472,10.003159999847412
71,10000.0,143465.0,701705.0,319187.8691766154,0.010688,10.003215074539185
71,10000.0,142.0,4506119.0,10782.3862807769,0.164474,10.00322961807251
71,10000.0,52.0,4990521.0,20163.410838795466,0.271797,10.003210067749023
71,10000.0,65.0,4535655.0,2605.32120038274,0.243102,10.00306224822998
71,10000.0,45.0,3888951.0,661673.0380797512,0.292173,10.003187894821167
71,10000.0,784.0,1039119.0,10204884.492803656,0.069972,10.003199338912964
71,10000.0,11.0,4539870.0,640.7220453575766,0.692951,10.003119230270386
71,10000.0,7.0,3898995.0,205325.55184121476,0.96993,10.003161907196045
71,10000.0,279.0,4611534.0,1640684.142162746,0.186816,10.003255367279053
71,10000.0,0.0,3022838.0,0.0,0.0,10.003138065338135
71,10000.0,0.0,3207065.0,0.0,0.0,10.003188848495483
71,10000.0,0.0,4632167.0,0.0,0.0,10.003223896026611
71,10000.0,130218.0,547163.0,411.32368342188516,0.008405,10.003084659576416
71,10000.0,130913.0,714591.0,215325.36885928392,0.010835,10.003095149993896
71,10000.0,132.0,4505076.0,10025.405988802293,0.17059,10.003130674362183
71,10000.0,0.0,3327323.0,0.0,0.0,10.003170490264893
71,10000.0,27.0,4524126.0,1969.032796857224,0.507533,10.003165006637573
71,10000.0,4.0,3892158.0,73459.42373416112,1.037115,10.003210067749023
71,10000.0,56.0,860128.0,1620804.8455214233,0.435999,10.003249406814575
71,10000.0,0.0,3025015.0,0.0,0.0,10.003151416778564
71,10000.0,0.0,3220596.0,0.0,0.0,10.003194332122803
71,10000.0,0.0,4636982.0,0.0,0.0,10.003169298171997
71,10000.0,0.0,2528867.0,0.0,0.0,10.003184795379639
71,10000.0,0.0,2575166.0,0.0,0.0,10.003270864486694
71,10000.0,0.0,4631423.0,0.0,0.0,10.003303289413452
71,10000.0,0.0,3206074.0,0.0,0.0,10.003282308578491
71,10000.0,0.0,3325734.0,0.0,0.0,10.003180503845215
71,10000.0,0.0,2529833.0,0.0,0.0,10.003255367279053
71,10000.0,0.0,2562202.0,0.0,0.0,10.003290176391602
71,10000.0,0.0,4635429.0,0.0,0.0,10.003267526626587
71,10000.0,0.0,3209675.0,0.0,0.0,10.003193855285645
71,10000.0,0.0,2574699.0,0.0,0.0,10.003379583358765
71,10000.0,0.0,2577441.0,0.0,0.0,10.003452777862549
72,10000.0,384923.0,471278.0,78362.44470048505,0.002344,10.003173351287842
72,10000.0,78.0,4926951.0,30635.18817932673,0.22192,10.003103733062744
72,10000.0,51.0,3817170.0,660821.0860204322,0.274448,10.00319528579712
72,10000.0,1.0,7926793.0,7213.912146575273,1.959964,10.003216028213501
72,10000.0,5205.0,4518392.0,16015003.243828971,0.027151,10.003114700317383
72,10000.0,219461.0,3785000.0,10586.555871564238,0.008104,10.003052949905396
72,10000.0,563191.0,245251.0,197677.85216502854,0.001438,10.00317907333374
72,10000.0,27643.0,7535751.0,1199.0216498043073,0.011767,10.00310468673706
72,10000.0,74121.0,655536.0,64297.186321792295,0.013903,10.00317096710205
72,10000.0,6238.0,7494475.0,609.9223473821755,0.046419,10.003126382827759
72,10000.0,1.0,3812604.0,24416.754591676818,1.959964,10.003173112869263
72,10000.0,77.0,4913270.0,30326.644234571668,0.223357,10.003149509429932
72,10000.0,32.0,3810422.0,415369.18634892325,0.346475,10.00324559211731
72,10000.0,2.0,7871263.0,14529.607507814819,1.385904,10.003307104110718
72,10000.0,482.0,841959.0,7963385.641855038,0.089248,10.002246856689453
72,10000.0,9.0,3821468.0,232971.22091798537,0.829257,10.001746416091919
72,10000.0,0.0,7905821.0,0.0,0.0,10.001715421676636
72,10000.0,509.0,4495921.0,3798104.6823780197,0.157765,10.001743078231812
72,10000.0,0.0,2455386.0,0.0,0.0,10.001702785491943
72,10000.0,11.0,754795.0,132497238.90589105,0.814383,10.002811670303345
72,10000.0,0.0,4525276.0,0.0,0.0,10.003265857696533
72,10000.0,72621.0,686086.0,60988.57587975332,0.014249,10.003183603286743
72,10000.0,5317.0,7509622.0,539.7056758544547,0.052025,10.00314474105835
72,10000.0,0.0,3809751.0,0.0,0.0,10.003222227096558
72,10000.0,0.0,2968611.0,0.0,0.0,10.003225326538086
72,10000.0,5.0,3813264.0,181589.8682206789,1.427699,10.003256797790527
72,10000.0,0.0,7911895.0,0.0,0.0,10.003172159194946
72,10000.0,82.0,766234.0,3596230.346084383,0.425067,10.003301620483398
72,10000.0,0.0,2454914.0,0.0,0.0,10.00321078300476
72,10000.0,31.0,3818005.0,39083757.66378316,0.577383,10.003291606903076
72,10000.0,0.0,4526281.0,0.0,0.0,10.003265619277954
72,10000.0,0.0,2049407.0,0.0,0.0,10.003283500671387
72,10000.0,2.0,756592.0,50206430.74409789,1.576158,10.003381490707397
72,10000.0,0.0,4525126.0,0.0,0.0,10.003355264663696
72,10000.0,0.0,680305.0,0.0,0.0,10.003293514251709
72,10000.0,0.0,2961492.0,0.0,0.0,10.003191947937012
72,10000.0,0.0,2046927.0,0.0,0.0,10.003280639648438
72,10000.0,7.0,3812704.0,29888877.70072266,0.914878,10.003422498703003
72,10000.0,0.0,4519398.0,0.0,0.0,10.003405570983887
72,10000.0,0.0,679556.0,0.0,0.0,10.003366470336914
72,10000.0,0.0,680131.0,0.0,0.0,10.003663063049316
72,10000.0,0.0,644613.0,0.0,0.0,10.003796339035034
73,10000.0,421757.0,432840.0,86022.24660863541,0.002148,10.003127813339233
73,10000.0,48.0,4041193.0,627692.4542931243,0.282895,10.003140449523926
73,10000.0,56.0,4016603.0,797244.4136084244,0.261909,10.003105640411377
73,10000.0,543319.0,251527.0,207244.24310243747,0.001496,10.003151893615723
73,10000.0,368336.0,649409.0,118730.90165414716,0.00258,10.003124237060547
73,10000.0,325389.0,263025.0,408315.7829997247,0.012775,10.003190040588379
73,10000.0,302590.0,416602.0,40209.72035284041,0.009716,10.003139019012451
73,10000.0,63.0,3819114.0,1640740.5621640475,0.24693,10.003147840499878
73,10000.0,500375.0,305157.0,79395.94482280033,0.006427,10.003053426742554
73,10000.0,33.0,4035778.0,432119.17781952623,0.341185,10.003139972686768
73,10000.0,16.0,4016537.0,227790.12957628095,0.48999,10.003156661987305
73,10000.0,51.0,627908.0,1130392.0420043347,0.274439,10.003217935562134
73,10000.0,13.0,869556.0,105080.83731710767,0.543592,10.003153085708618
73,10000.0,0.0,2517433.0,0.0,0.0,10.003161668777466
73,10000.0,40.0,3813970.0,1043151.3285806802,0.309896,10.00316596031189
73,10000.0,50.0,611821.0,1978340.6254749775,0.27717,10.003201484680176
73,10000.0,16.0,838491.0,233291.13817773733,0.489987,10.00320839881897
73,10000.0,61.0,696581.0,2293818.842826014,0.250937,10.003236770629883
73,10000.0,10.0,1007048.0,131364.6363963148,0.619792,10.003211259841919
73,10000.0,201498.0,338151.0,379115.8556302337,0.073086,10.003211498260498
73,10000.0,0.0,2518981.0,0.0,0.0,10.003178834915161
73,10000.0,0.0,1267864.0,0.0,0.0,10.00325632095337
73,10000.0,0.0,2877155.0,0.0,0.0,10.003176927566528
73,10000.0,0.0,1258180.0,0.0,0.0,10.003273725509644
73,10000.0,0.0,2863866.0,0.0,0.0,10.003241777420044
73,10000.0,5.0,556554.0,467277.3553657384,1.124952,10.003206729888916
73,10000.0,0.0,1240016.0,0.0,0.0,10.003276586532593
73,10000.0,0.0,2760155.0,0.0,0.0,10.003180265426636
73,10000.0,9.0,548447.0,4792715.17063356,1.097685,10.003180503845215
73,10000.0,5.0,589655.0,673058.0741444222,1.175977,10.003149271011353
73,10000.0,0.0,1055108.0,0.0,0.0,10.003535509109497
73,10000.0,0.0,1992149.0,0.0,0.0,10.003353357315063
73,10000.0,0.0,772187.0,0.0,0.0,10.003262758255005
73,10000.0,0.0,773151.0,0.0,0.0,10.003219604492188
73,10000.0,0.0,768218.0,0.0,0.0,10.003234386444092
73,10000.0,0.0,717396.0,0.0,0.0,10.003606081008911
74,10000.0,350235.0,702316.0,57999.765973335256,0.002705,10.003119230270386
74,10000.0,39.0,3809938.0,540956.9116467107,0.313844,10.0031259059906
74,10000.0,40.0,3780752.0,604986.4210461724,0.309896,10.003098011016846
74,10000.0,520663.0,263066.0,201419.43577563163,0.001574,10.003143548965454
74,10000.0,341818.0,656237.0,112356.71416104323,0.002718,10.003109216690063
74,10000.0,477584.0,679250.0,379341.7843683709,0.005495,10.003169775009155
74,10000.0,825307.0,1625720.0,30654.54765410581,0.001757,10.00304627418518
74,10000.0,48.0,3814954.0,1251456.0984408397,0.282895,10.003037691116333
74,10000.0,482672.0,334239.0,55975.02592081634,0.003018,10.003023386001587
74,10000.0,19.0,3803737.0,263974.1325850028,0.449646,10.003173589706421
74,10000.0,11.0,3769177.0,166883.46421563477,0.590951,10.003162384033203
74,10000.0,36.0,708019.0,707661.7324642859,0.326653,10.003237009048462
74,10000.0,6.0,1052489.0,40069.6390481665,0.80015,10.003178596496582
74,10000.0,0.0,2616566.0,0.0,0.0,10.00316071510315
74,10000.0,23.0,3813400.0,599904.3429653621,0.40868,10.003126859664917
74,10000.0,64.0,604883.0,2561259.4967294657,0.244983,10.003216981887817
74,10000.0,11.0,845809.0,159000.9381724244,0.590948,10.003173828125
74,10000.0,44.0,687329.0,1676869.0251377346,0.295466,10.003199338912964
74,10000.0,4.0,1012073.0,52285.273946547546,0.979981,10.003178834915161
74,10000.0,403747.0,874509.0,122522.71307860085,0.003492,10.003157615661621
74,10000.0,0.0,2608842.0,0.0,0.0,10.00319528579712
74,10000.0,0.0,1244194.0,0.0,0.0,10.003334283828735
74,10000.0,0.0,2964123.0,0.0,0.0,10.003268480300903
74,10000.0,0.0,1240835.0,0.0,0.0,10.003345251083374
74,10000.0,0.0,2957081.0,0.0,0.0,10.00324296951294
74,10000.0,1.0,609304.0,11535.846784451138,1.959964,10.00327754020691
74,10000.0,0.0,1239770.0,0.0,0.0,10.003317594528198
74,10000.0,0.0,2753190.0,0.0,0.0,10.00325345993042
74,10000.0,10.0,560888.0,697510.9642038303,0.692948,10.003234148025513
74,10000.0,2.0,600436.0,374553.3653766084,1.444604,10.003255844116211
74,10000.0,0.0,1038657.0,0.0,0.0,10.003828525543213
74,10000.0,0.0,2200990.0,0.0,0.0,10.003561735153198
74,10000.0,0.0,779164.0,0.0,0.0,10.003381967544556
74,10000.0,0.0,779026.0,0.0,0.0,10.003383874893188
74,10000.0,0.0,779217.0,0.0,0.0,10.003299713134766
74,10000.0,0.0,726965.0,0.0,0.0,10.00382137298584
75,10000.0,408612.0,444090.0,83526.38396532435,0.002213,10.003081560134888
75,10000.0,42.0,4199172.0,160348.77492787936,0.302428,10.003093004226685
75,10000.0,54.0,4251995.0,726212.834819166,0.266716,10.003079652786255
75,10000.0,381440.0,459886.0,41700.037131860896,0.002346,10.003116130828857
75,10000.0,349623.0,866453.0,94318.71023850483,0.002798,10.003131628036499
75,10000.0,495783.0,665244.0,425440.8705258362,0.005672,10.003132104873657
75,10000.0,739368.0,1808516.0,26497.741190729248,0.00192,10.003076791763306
75,10000.0,30.0,3846328.0,235344.8207161164,0.357837,10.003151416778564
75,10000.0,461347.0,367625.0,48145.882008077475,0.00299,10.003171682357788
75,10000.0,25.0,4194180.0,95559.6869967014,0.391992,10.003182888031006
75,10000.0,16.0,4243871.0,215588.00418578534,0.48999,10.00314211845398
75,10000.0,40.0,620097.0,897764.7555298265,0.309888,10.003172159194946
75,10000.0,3.0,888828.0,23723.910816566928,1.131584,10.00312066078186
75,10000.0,0.0,2550181.0,0.0,0.0,10.00311827659607
75,10000.0,10.0,3844348.0,78489.08573030919,0.619794,10.00325059890747
75,10000.0,223593.0,304121.0,422796.8950605821,0.008474,10.00321650505066
75,10000.0,203613.0,502197.0,26533.357827177286,0.003664,10.003143072128296
75,10000.0,57.0,767054.0,1946505.2547128121,0.259594,10.003159523010254
75,10000.0,3.0,1196944.0,33157.30972215144,1.131585,10.003135681152344
75,10000.0,373867.0,1019790.0,86474.02474496953,0.003704,10.003133058547974
75,10000.0,0.0,2544958.0,0.0,0.0,10.003129243850708
75,10000.0,16.0,4189072.0,799854.8195024788,0.689062,10.003212928771973
75,10000.0,13.0,4189606.0,49745.42955815314,0.543595,10.003157377243042
75,10000.0,0.0,1282773.0,0.0,0.0,10.003206968307495
75,10000.0,0.0,2721612.0,0.0,0.0,10.003190040588379
75,10000.0,4.0,585329.0,252174.1156316148,1.116082,10.003146171569824
75,10000.0,0.0,1249371.0,0.0,0.0,10.00318956375122
75,10000.0,0.0,2643617.0,0.0,0.0,10.003220081329346
75,10000.0,152732.0,423117.0,85756.72812838088,0.005797,10.00319218635559
75,10000.0,5.0,651574.0,304548.96796858095,1.351601,10.00317096710205
75,10000.0,0.0,1056693.0,0.0,0.0,10.003368377685547
75,10000.0,0.0,1933244.0,0.0,0.0,10.003319263458252
75,10000.0,9.0,4168795.0,146135.75352547158,0.758038,10.002830028533936
75,10000.0,0.0,800113.0,0.0,0.0,10.002350807189941
75,10000.0,0.0,762810.0,0.0,0.0,10.001795530319214
75,10000.0,0.0,689836.0,0.0,0.0,10.003032445907593
76,10000.0,159635.0,748658.0,30634.584517330863,0.004454,10.00209093093872
76,10000.0,42.0,4011571.0,553287.2740890011,0.302427,10.001729011535645
76,10000.0,20.0,6964140.0,164221.37205348528,0.438261,10.001721858978271
76,10000.0,208216.0,649156.0,73630.09801113169,0.003737,10.001734256744385
76,10000.0,359868.0,4200736.0,25886.86401011796,0.003136,10.002336502075195
76,10000.0,130037.0,486702.0,202369.38708270434,0.019212,10.002213478088379
76,10000.0,78813.0,663541.0,11527.351578896321,0.019548,10.001765966415405
76,10000.0,16.0,6954524.0,228834.09103808447,0.48999,10.002710819244385
76,10000.0,485602.0,300851.0,71814.49620257027,0.004986,10.00310754776001
76,10000.0,16.0,4039362.0,209327.31736420805,0.48999,10.003093957901001
76,10000.0,4.0,6996085.0,32694.37854206829,0.979982,10.003119707107544
76,10000.0,23.0,625114.0,505794.750670653,0.408674,10.003202199935913
76,10000.0,6.0,860380.0,47938.30157626926,0.80015,10.00315237045288
76,10000.0,0.0,6231989.0,0.0,0.0,10.003077983856201
76,10000.0,12.0,6956647.0,171573.29108930018,0.565792,10.00312852859497
76,10000.0,30.0,609305.0,1177301.0916819156,0.35783,10.003173351287842
76,10000.0,5.0,831626.0,71889.38908001265,0.87652,10.003161191940308
76,10000.0,27.0,1374346.0,508311.0679269747,0.377192,10.00319218635559
76,10000.0,6.0,3304282.0,23493.450992165333,0.800151,10.003169059753418
76,10000.0,72046.0,624156.0,141668.853663161,0.099188,10.00316333770752
76,10000.0,0.0,6237461.0,0.0,0.0,10.003142833709717
76,10000.0,0.0,1263096.0,0.0,0.0,10.003196001052856
76,10000.0,0.0,2806146.0,0.0,0.0,10.00318169593811
76,10000.0,0.0,1478060.0,0.0,0.0,10.00322961807251
76,10000.0,0.0,2777563.0,0.0,0.0,10.003198385238647
76,10000.0,5.0,553122.0,758105.5996000918,1.011472,10.003252983093262
76,10000.0,0.0,1238760.0,0.0,0.0,10.003250360488892
76,10000.0,0.0,2691702.0,0.0,0.0,10.003216028213501
76,10000.0,6.0,543244.0,858401.2284104924,1.217592,10.003203630447388
76,10000.0,3.0,778895.0,415272.21895549865,1.133393,10.003223896026611
76,10000.0,0.0,1213184.0,0.0,0.0,10.003381252288818
76,10000.0,0.0,1962400.0,0.0,0.0,10.003337383270264
76,10000.0,0.0,757772.0,0.0,0.0,10.003297805786133
76,10000.0,0.0,809929.0,0.0,0.0,10.003279447555542
76,10000.0,0.0,752035.0,0.0,0.0,10.00328254699707
76,10000.0,0.0,744631.0,0.0,0.0,10.003585815429688
77,10000.0,152134.0,750459.0,29379.484296909017,0.004582,10.003055334091187
77,10000.0,58.0,4043740.0,757982.1202814779,0.257354,10.003054857254028
77,10000.0,1.0,8238725.0,6940.781319830275,1.959964,10.00307559967041
77,10000.0,210789.0,648052.0,74412.47511821163,0.003708,10.003074169158936
77,10000.0,12033.0,7942488.0,496.27049975730785,0.017854,10.003035068511963
77,10000.0,446117.0,2764858.0,214883.8906811794,0.005859,10.00311279296875
77,10000.0,745156.0,4558080.0,12830.220015100214,0.002105,10.00297999382019
77,10000.0,2.0,8203036.0,24250.70808351735,1.385904,10.00307011604309
77,10000.0,505604.0,307806.0,79684.52210447376,0.006483,10.003004550933838
77,10000.0,24.0,4039153.0,314006.6010575917,0.400075,10.003062725067139
77,10000.0,2.0,8220730.0,13911.947383760958,1.385904,10.003065586090088
77,10000.0,24.0,620271.0,538521.6474741857,0.400069,10.003153562545776
77,10000.0,3.0,865261.0,24370.07361337118,1.131584,10.003075122833252
77,10000.0,0.0,8150402.0,0.0,0.0,10.003081321716309
77,10000.0,1.0,8197449.0,12133.619597313798,1.959964,10.003110647201538
77,10000.0,31.0,604638.0,1241180.446239182,0.352011,10.00341272354126
77,10000.0,4.0,837016.0,58426.39733817591,0.97998,10.003354787826538
77,10000.0,1.0,1533847.0,17078.770819533616,1.959964,10.003352642059326
77,10000.0,1.0,4842812.0,2731.7141504328165,1.959964,10.003324031829834
77,10000.0,448204.0,2768904.0,214856.96218094014,0.005816,10.003159761428833
77,10000.0,0.0,8165614.0,0.0,0.0,10.003120183944702
77,10000.0,0.0,1264820.0,0.0,0.0,10.003201723098755
77,10000.0,0.0,2994059.0,0.0,0.0,10.00313663482666
77,10000.0,0.0,1540759.0,0.0,0.0,10.003191709518433
77,10000.0,0.0,3054442.0,0.0,0.0,10.003145933151245
77,10000.0,9.0,558250.0,5162170.500162112,1.165181,10.003143310546875
77,10000.0,0.0,1257458.0,0.0,0.0,10.003195762634277
77,10000.0,0.0,2931594.0,0.0,0.0,10.003154993057251
77,10000.0,7.0,550999.0,887541.389748932,1.350811,10.003130197525024
77,10000.0,0.0,837922.0,0.0,0.0,10.003130912780762
77,10000.0,0.0,1253608.0,0.0,0.0,10.003556728363037
77,10000.0,0.0,2098527.0,0.0,0.0,10.003315925598145
77,10000.0,0.0,781174.0,0.0,0.0,10.003203630447388
77,10000.0,0.0,838990.0,0.0,0.0,10.003205060958862
77,10000.0,0.0,779946.0,0.0,0.0,10.003196477890015
77,10000.0,0.0,778908.0,0.0,0.0,10.003565788269043
78,10000.0,129843.0,997541.0,20075.044629868793,0.005116,10.003053426742554
78,10000.0,42.0,3917274.0,566605.9162625634,0.302427,10.003084659576416
78,10000.0,34.0,3870512.0,502188.2404549642,0.33613,10.003071784973145
78,10000.0,192432.0,677739.0,67047.60418814233,0.003943,10.003073453903198
78,10000.0,231017.0,823013.0,71885.44699296984,0.003603,10.003060579299927
78,10000.0,117983.0,511815.0,177382.9196821838,0.020315,10.003098487854004
78,10000.0,73697.0,702014.0,7475.484619916438,0.010947,10.0029616355896
78,10000.0,57.0,3799987.0,1491580.908573164,0.259602,10.003051519393921
78,10000.0,1044242.0,465698.0,55093.21591983787,0.001065,10.003000020980835
78,10000.0,9.0,3913602.0,121530.49710740286,0.653321,10.003064393997192
78,10000.0,9.0,3857830.0,133370.03503515827,0.653321,10.003119945526123
78,10000.0,19.0,718628.0,367116.9921880979,0.449641,10.003198146820068
78,10000.0,3.0,1088105.0,19379.09414782356,1.131585,10.003087759017944
78,10000.0,0.0,2660964.0,0.0,0.0,10.003090620040894
78,10000.0,16.0,3802905.0,418372.62939303764,0.48999,10.003121852874756
78,10000.0,22.0,611649.0,868704.4041355565,0.417859,10.003144979476929
78,10000.0,3.0,865264.0,42389.28252782089,1.131584,10.003095388412476
78,10000.0,40.0,693438.0,1507071.8936145054,0.309889,10.003190994262695
78,10000.0,114252.0,861426.0,38406.727899983394,0.005448,10.00312876701355
78,10000.0,106851.0,625168.0,35962.013744178774,0.009288,10.00310730934143
78,10000.0,0.0,2658736.0,0.0,0.0,10.003145456314087
78,10000.0,0.0,1258462.0,0.0,0.0,10.00319528579712
78,10000.0,0.0,3149460.0,0.0,0.0,10.003122568130493
78,10000.0,0.0,1251743.0,0.0,0.0,10.003180742263794
78,10000.0,2.0,3873647.0,29516.821224638577,1.385904,10.003177881240845
78,10000.0,4.0,877171.0,63319.90407843361,0.97998,10.00317907333374
78,10000.0,0.0,1236187.0,0.0,0.0,10.003171443939209
78,10000.0,7.0,3800474.0,183155.54016399503,0.740796,10.003183603286743
78,10000.0,5.0,765123.0,157834.937298073,0.87652,10.00314998626709
78,10000.0,102209.0,771200.0,200191.25531108564,0.007059,10.00318431854248
78,10000.0,0.0,1045440.0,0.0,0.0,10.003275632858276
78,10000.0,0.0,2659055.0,0.0,0.0,10.003265619277954
78,10000.0,0.0,1381901.0,0.0,0.0,10.003216028213501
78,10000.0,0.0,1300032.0,0.0,0.0,10.003198385238647
78,10000.0,0.0,1293726.0,0.0,0.0,10.00320315361023
78,10000.0,0.0,1137376.0,0.0,0.0,10.003287315368652
79,10000.0,570.0,5685533.0,1590733.6096708062,0.08209,10.003118515014648
79,10000.0,1341182.0,117871.0,160223.60291915372,0.000481,10.003054141998291
